atleta_id,apelido,nome_completo,slug,clube,clube_id,posicao,posicao_id,status,status_id,preco,variacao_preco,media_pontos,pontos_ultima_rodada,jogos,rodada_id,entrou_em_campo,foto_url,scout_A,scout_CA,scout_CV,scout_DD,scout_DP,scout_DS,scout_FC,scout_FD,scout_FF,scout_FS,scout_FT,scout_G,scout_GC,scout_GS,scout_I,scout_PE,scout_PI,scout_PP,scout_PS,scout_RB,scout_SG,scout_V
81881,João Ricardo,João Ricardo Riedi,joao-ricardo,FOR,356,Goleiro,1,Contundido,5,11.84,0.0,5.87,0.0,13,29,False,https://s3.glbimg.com/v1/AUTH_58d78b787ec34892b5aaa0c7a146155f/clubes_2025/silhuetas/FOR/FORMATO.png,0,0,0,0,0,0,0,0,0,2,0,0,1,18,0,0,0,0,0,0,6,0
51413,Walter,Walter Leandro Capeloza Artune,walter,MIR,2305,Goleiro,1,Provável,7,11.29,1.68,7.07,8.9,20,29,True,https://s3.glbimg.com/v1/AUTH_58d78b787ec34892b5aaa0c7a146155f/clubes_2025/silhuetas/MIR/FORMATO.png,0,2,0,0,2,0,0,0,0,3,0,0,0,16,0,0,0,0,0,0,8,0
99552,Rossi,Agustín Daniel Rossi,rossi,FLA,262,Goleiro,1,Provável,7,10.2,-0.92,6.3,6.3,28,29,True,https://s3.glbimg.com/v1/AUTH_58d78b787ec34892b5aaa0c7a146155f/clubes_2025/silhuetas/FLA/FORMATO.png,0,1,0,0,3,0,0,0,0,9,0,0,0,15,0,0,0,0,0,0,15,0
68928,Rafael,Rafael Pires Monteiro,rafael,SAO,276,Goleiro,1,Provável,7,9.62,-0.25,4.87,3.5,26,29,True,https://s3.glbimg.com/v1/AUTH_58d78b787ec34892b5aaa0c7a146155f/clubes_2025/silhuetas/SAO/FORMATO.png,0,2,0,0,0,1,0,0,0,6,0,0,0,30,0,0,0,0,0,0,8,0
42234,Cássio,Cássio Roberto Ramos,cassio,CRU,283,Goleiro,1,Provável,7,9.22,0.0,5.24,0.0,27,29,False,https://s3.glbimg.com/v1/AUTH_58d78b787ec34892b5aaa0c7a146155f/clubes_2025/silhuetas/CRU/FORMATO.png,0,4,0,0,1,0,0,0,0,4,0,0,0,20,0,0,0,0,0,0,11,0
104118,Lucas Arcanjo,Lucas Willians Assis Arcanjo,lucas-arcanjo,VIT,287,Goleiro,1,Provável,7,8.97,1.01,4.49,11.5,28,29,True,https://s3.glbimg.com/v1/AUTH_58d78b787ec34892b5aaa0c7a146155f/clubes_2025/silhuetas/VIT/FORMATO.png,0,2,0,0,0,0,0,0,0,3,0,0,0,41,0,0,0,0,0,0,7,0
105949,Rochet,Sergio Ramón Rochet Álvarez,rochet,INT,285,Goleiro,1,Contundido,5,8.51,0.0,4.01,0.0,11,29,False,https://s3.glbimg.com/v1/AUTH_58d78b787ec34892b5aaa0c7a146155f/clubes_2025/silhuetas/INT/FORMATO.png,0,0,0,0,0,0,0,0,0,2,0,0,0,15,0,0,0,0,0,0,2,0
72294,Everson,Everson Felipe Marques Pires,everson,CAM,282,Goleiro,1,Provável,7,8.37,-0.45,4.09,-1.0,25,29,True,https://s3.glbimg.com/v1/AUTH_58d78b787ec34892b5aaa0c7a146155f/clubes_2025/silhuetas/CAM/FORMATO.png,0,6,0,0,0,0,0,0,0,7,0,0,0,29,0,0,0,0,0,0,8,0
87008,Léo Jardim,Leonardo César Jardim,leo-jardim,VAS,267,Goleiro,1,Provável,7,8.33,-0.87,3.81,10.2,25,29,True,https://s3.glbimg.com/v1/AUTH_58d78b787ec34892b5aaa0c7a146155f/clubes_2025/silhuetas/VAS/FORMATO.png,0,0,1,0,0,0,0,0,0,6,0,0,0,32,0,0,0,0,0,0,6,0
101574,Hugo Souza,Hugo de Souza Nogueira,hugo-souza,COR,264,Goleiro,1,Contundido,5,8.3,0.49,3.58,6.8,23,29,True,https://s3.glbimg.com/v1/AUTH_58d78b787ec34892b5aaa0c7a146155f/clubes_2025/silhuetas/COR/FORMATO.png,0,3,0,0,0,0,0,0,0,2,0,0,0,26,0,0,0,0,0,0,8,0
37656,Fábio,Fábio Deivson Lopes Maciel,fabio,FLU,266,Goleiro,1,Provável,7,8.18,-0.69,3.59,1.9,27,29,True,https://s3.glbimg.com/v1/AUTH_58d78b787ec34892b5aaa0c7a146155f/clubes_2025/silhuetas/FLU/FORMATO.png,0,1,0,0,1,0,0,0,0,3,0,0,0,33,0,0,0,0,0,0,9,0
71631,Weverton,Weverton Pereira da Silva,weverton,PAL,275,Goleiro,1,Contundido,5,7.96,0.0,4.36,0.0,25,29,False,https://s3.glbimg.com/v1/AUTH_58d78b787ec34892b5aaa0c7a146155f/clubes_2025/silhuetas/PAL/FORMATO.png,0,2,0,0,1,0,0,0,0,10,0,0,0,20,0,0,0,0,0,0,9,0
112616,Gabriel Grando,Gabriel Hamester Grando,gabriel-grando,GRE,284,Goleiro,1,Nulo,6,7.78,-0.29,5.62,4.3,5,29,True,https://s3.glbimg.com/v1/AUTH_58d78b787ec34892b5aaa0c7a146155f/clubes_2025/silhuetas/GRE/FORMATO.png,0,0,1,0,0,0,0,0,0,3,0,0,0,7,0,0,0,0,0,0,1,0
91101,Ronaldo,Ronaldo de Oliveira Strada,ronaldo,BAH,265,Goleiro,1,Provável,7,7.73,0.56,5.5,7.6,17,29,True,https://s3.glbimg.com/v1/AUTH_58d78b787ec34892b5aaa0c7a146155f/clubes_2025/silhuetas/BAH/FORMATO.png,1,0,0,0,2,0,0,0,0,4,0,0,0,20,0,0,0,0,0,0,6,0
68872,Marcelo Lomba,Marcelo Lomba do Nascimento,marcelo-lomba,PAL,275,Goleiro,1,Nulo,6,7.63,0.0,3.2,0.0,1,29,False,https://s3.glbimg.com/v1/AUTH_58d78b787ec34892b5aaa0c7a146155f/clubes_2025/silhuetas/PAL/FORMATO.png,0,0,0,0,0,0,0,0,0,0,0,0,0,2,0,0,0,0,0,0,0,0
93882,Cleiton,Cleiton Schwengber,cleiton,RBB,280,Goleiro,1,Provável,7,7.35,-0.67,4.23,2.1,25,29,True,https://s3.glbimg.com/v1/AUTH_58d78b787ec34892b5aaa0c7a146155f/clubes_2025/silhuetas/RBB/FORMATO.png,0,5,0,0,0,0,0,0,0,8,0,0,0,35,0,0,0,0,0,0,6,0
106160,Lucão,Lucas Alexandre Galdino de Azevedo,lucao,RBB,280,Goleiro,1,Nulo,6,7.34,0.0,5.7,0.0,4,29,False,https://s3.glbimg.com/v1/AUTH_58d78b787ec34892b5aaa0c7a146155f/clubes_2025/silhuetas/RBB/FORMATO.png,0,1,0,0,0,0,0,0,0,1,0,0,0,9,0,0,0,0,0,0,1,0
72018,Tiago Volpi,Tiago Luis Volpi,tiago-volpi,GRE,284,Goleiro,1,Provável,7,7.33,0.0,4.16,0.0,22,29,False,https://s3.glbimg.com/v1/AUTH_58d78b787ec34892b5aaa0c7a146155f/clubes_2025/silhuetas/GRE/FORMATO.png,0,2,0,0,0,0,0,0,0,7,0,1,0,28,0,0,0,0,0,0,4,0
68806,Neto,Norberto Murara Neto,neto,BOT,263,Goleiro,1,Contundido,5,7.25,0.0,2.03,0.0,3,29,False,https://s3.glbimg.com/v1/AUTH_58d78b787ec34892b5aaa0c7a146155f/clubes_2025/silhuetas/BOT/FORMATO.png,0,0,0,0,0,0,0,0,0,0,0,0,0,3,0,0,0,0,0,0,0,0
107183,Léo Linck,Leonardo Matias Baiersdorf Linck,leo-linck,BOT,263,Goleiro,1,Provável,7,7.14,1.64,3.51,8.9,8,29,True,https://s3.glbimg.com/v1/AUTH_58d78b787ec34892b5aaa0c7a146155f/clubes_2025/silhuetas/BOT/FORMATO.png,0,1,0,0,0,0,0,0,0,0,0,0,0,8,0,0,0,0,0,0,3,0
88136,Ivan,Ivan Quaresma da Silva,ivan,INT,285,Goleiro,1,Provável,7,7.09,3.09,8.9,8.9,1,29,True,https://s3.glbimg.com/v1/AUTH_58d78b787ec34892b5aaa0c7a146155f/clubes_2025/silhuetas/INT/FORMATO.png,0,0,0,0,0,0,0,0,0,0,0,0,0,0,0,0,0,0,0,0,1,0
71571,Fernando Miguel,Fernando Miguel Kaufmann,fernando-miguel,CEA,354,Goleiro,1,Nulo,6,7.02,0.0,6.18,0.0,6,29,False,https://s3.glbimg.com/v1/AUTH_58d78b787ec34892b5aaa0c7a146155f/clubes_2025/silhuetas/CEA/FORMATO.png,0,0,0,0,0,0,0,0,0,6,0,0,0,3,0,0,0,0,0,0,3,0
124369,Léo Aragão,Leonardo de Aragão Carvalho,leo-aragao,CRU,283,Goleiro,1,Nulo,6,6.88,2.48,6.73,11.5,3,29,True,https://s3.glbimg.com/v1/AUTH_58d78b787ec34892b5aaa0c7a146155f/clubes_2025/silhuetas/CRU/FORMATO.png,0,1,0,0,0,0,0,0,0,1,0,0,0,1,0,0,0,0,0,0,2,0
85083,Vinicius Silvestre,Vinicius Silvestre da Costa,vinicius-silvestre,FOR,356,Goleiro,1,Nulo,6,6.75,0.0,4.4,0.0,2,29,False,https://s3.glbimg.com/v1/AUTH_58d78b787ec34892b5aaa0c7a146155f/clubes_2025/silhuetas/FOR/FORMATO.png,0,0,0,0,0,0,0,0,0,1,0,0,0,6,0,0,0,0,0,0,0,0
91808,Caíque França,Caíque França Godoy,caique-franca,SPT,292,Goleiro,1,Nulo,6,6.53,0.0,3.52,0.0,12,29,False,https://s3.glbimg.com/v1/AUTH_58d78b787ec34892b5aaa0c7a146155f/clubes_2025/silhuetas/SPT/FORMATO.png,0,2,0,0,0,2,0,0,0,1,0,0,0,20,0,0,0,0,0,0,2,0
85425,João Paulo,João Paulo Silva Martins,joao-paulo,BAH,265,Goleiro,1,Nulo,6,6.45,0.0,-1.0,0.0,0,29,False,https://s3.glbimg.com/v1/AUTH_58d78b787ec34892b5aaa0c7a146155f/clubes_2025/silhuetas/BAH/FORMATO.png,0,2,0,0,0,0,0,0,0,0,0,0,0,0,0,0,0,0,0,0,0,0
70449,Gabriel,Gabriel Vasconcelos Ferreira,gabriel,SPT,292,Goleiro,1,Provável,7,6.12,-0.88,4.82,1.9,16,29,True,https://s3.glbimg.com/v1/AUTH_58d78b787ec34892b5aaa0c7a146155f/clubes_2025/silhuetas/SPT/FORMATO.png,0,1,0,0,0,0,0,0,0,1,0,0,0,23,0,0,0,0,0,0,3,0
103056,Gabriel Brazão,Gabriel Nascimento Rezende Brazão - Resende,gabriel-brazao,SAN,277,Goleiro,1,Provável,7,5.82,-0.17,3.66,-0.7,28,29,True,https://s3.glbimg.com/v1/AUTH_58d78b787ec34892b5aaa0c7a146155f/clubes_2025/silhuetas/SAN/FORMATO.png,0,1,0,0,0,1,0,0,0,8,0,0,0,40,0,0,0,0,0,0,6,0
79266,Bruno Ferreira,Bruno Ferreira Ventura Diniz - de Lins,bruno-ferreira,CEA,354,Goleiro,1,Provável,7,5.79,-1.15,3.99,-0.7,20,29,True,https://s3.glbimg.com/v1/AUTH_58d78b787ec34892b5aaa0c7a146155f/clubes_2025/silhuetas/CEA/FORMATO.png,0,2,0,0,0,0,1,0,0,9,0,0,0,20,0,0,0,0,0,0,6,0
100830,Brenno,Brenno Oliveira Fraga Costa,brenno,FOR,356,Goleiro,1,Provável,7,5.32,0.25,3.06,2.9,5,29,True,https://s3.glbimg.com/v1/AUTH_58d78b787ec34892b5aaa0c7a146155f/clubes_2025/silhuetas/FOR/FORMATO.png,0,0,1,0,1,0,0,0,0,2,0,0,0,7,0,0,0,0,0,0,0,0
79973,Helton Leite,Helton Brant Aleixo Leite,helton-leite,FOR,356,Goleiro,1,Nulo,6,5.13,0.0,1.77,0.0,4,29,False,https://s3.glbimg.com/v1/AUTH_58d78b787ec34892b5aaa0c7a146155f/clubes_2025/silhuetas/FOR/FORMATO.png,0,0,0,0,0,0,0,0,0,1,0,0,0,9,0,0,0,0,0,0,0,0
111690,Matheus Cunha,Matheus Cunha Queiroz,matheus-cunha,FLA,262,Goleiro,1,Nulo,6,5.0,0.0,0.0,0.0,0,29,False,https://s3.glbimg.com/v1/AUTH_58d78b787ec34892b5aaa0c7a146155f/clubes_2025/silhuetas/FLA/FORMATO.png,0,0,0,0,0,0,0,0,0,0,0,0,0,0,0,0,0,0,0,0,0,0
104084,Carlos Miguel,Carlos Miguel dos Santos Pereira,carlos-miguel,PAL,275,Goleiro,1,Provável,7,4.78,-1.22,-1.7,-1.7,1,29,True,https://s3.glbimg.com/v1/AUTH_58d78b787ec34892b5aaa0c7a146155f/clubes_2025/silhuetas/PAL/FORMATO.png,0,0,0,0,0,0,0,0,0,0,0,0,0,3,0,0,0,0,0,0,0,0
78851,Richard,Richard de Oliveira Costa,richard,CEA,354,Goleiro,1,Nulo,6,4.53,0.0,-1.0,0.0,0,29,False,https://s3.glbimg.com/v1/AUTH_58d78b787ec34892b5aaa0c7a146155f/clubes_2025/silhuetas/CEA/FORMATO.png,0,1,0,0,0,0,0,0,0,0,0,0,0,0,0,0,0,0,0,0,0,0
107179,Matheus Donelli,Matheus Planelles Donelli,matheus-donelli,COR,264,Goleiro,1,Nulo,6,4.42,0.0,3.08,0.0,5,29,False,https://s3.glbimg.com/v1/AUTH_58d78b787ec34892b5aaa0c7a146155f/clubes_2025/silhuetas/COR/FORMATO.png,0,1,0,0,0,0,0,0,0,1,0,0,0,6,0,0,0,0,0,0,1,0
69051,Danilo Fernandes,Danilo Fernandes Batista,danilo-fernandes,BAH,265,Goleiro,1,Nulo,6,4.0,0.0,0.0,0.0,0,29,False,https://s3.glbimg.com/v1/AUTH_58d78b787ec34892b5aaa0c7a146155f/clubes_2025/silhuetas/BAH/FORMATO.png,0,0,0,0,0,0,0,0,0,0,0,0,0,0,0,0,0,0,0,0,0,0
96874,Guruceaga,Gastón Guruceaga Fagúndez,guruceaga,JUV,286,Goleiro,1,Nulo,6,4.0,0.0,0.0,0.0,0,29,False,https://s3.glbimg.com/v1/AUTH_58d78b787ec34892b5aaa0c7a146155f/clubes_2025/silhuetas/JUV/FORMATO.png,0,0,0,0,0,0,0,0,0,0,0,0,0,0,0,0,0,0,0,0,0,0
86508,Jandrei,Jandrei Chitolina Carniel,jandrei,JUV,286,Goleiro,1,Provável,7,3.91,0.0,1.58,0.0,8,29,False,https://s3.glbimg.com/v1/AUTH_58d78b787ec34892b5aaa0c7a146155f/clubes_2025/silhuetas/JUV/FORMATO.png,0,2,0,0,0,0,0,0,0,1,0,0,0,13,0,0,0,0,0,0,1,0
84094,Ruan Carneiro,Eudes Ruan de Souza Carneiro,ruan-carneiro,JUV,286,Goleiro,1,Nulo,6,3.77,1.36,3.8,6.3,3,29,True,https://s3.glbimg.com/v1/AUTH_58d78b787ec34892b5aaa0c7a146155f/clubes_2025/silhuetas/JUV/FORMATO.png,0,0,0,0,0,0,0,0,0,0,0,0,0,4,0,0,0,0,0,0,1,0
111683,Anthoni,Anthoni Spier Souza,anthoni,INT,285,Goleiro,1,Nulo,6,3.72,0.0,1.7,0.0,17,29,False,https://s3.glbimg.com/v1/AUTH_58d78b787ec34892b5aaa0c7a146155f/clubes_2025/silhuetas/INT/FORMATO.png,0,0,0,0,0,0,0,0,0,2,0,0,0,26,0,0,0,0,0,0,3,0
107221,Magrão,Audenirton Soares da Silva,magrao,FOR,356,Goleiro,1,Nulo,6,3.44,0.0,2.9,0.0,2,29,False,https://s3.glbimg.com/v1/AUTH_58d78b787ec34892b5aaa0c7a146155f/clubes_2025/silhuetas/FOR/FORMATO.png,0,0,0,0,0,0,0,0,0,0,0,0,0,2,0,0,0,0,0,0,0,0
113690,Diógenes,Diógenes Vinícius da Silva,diogenes,SAN,277,Goleiro,1,Nulo,6,3.3,0.0,3.9,0.0,1,29,False,https://s3.glbimg.com/v1/AUTH_58d78b787ec34892b5aaa0c7a146155f/clubes_2025/silhuetas/SAN/FORMATO.png,0,0,0,0,0,0,0,0,0,0,0,0,0,0,0,0,0,0,0,0,0,0
117818,Young,Young Navarro Moraes,young,SAO,276,Goleiro,1,Nulo,6,3.03,0.0,2.4,0.0,2,29,False,https://s3.glbimg.com/v1/AUTH_58d78b787ec34892b5aaa0c7a146155f/clubes_2025/silhuetas/SAO/FORMATO.png,0,0,0,0,0,0,0,0,0,0,0,0,0,3,0,0,0,0,0,0,0,0
93834,Keiller,Keiller da Silva Nunes,keiller,CEA,354,Goleiro,1,Nulo,6,3.0,0.0,0.0,0.0,0,29,False,https://s3.glbimg.com/v1/AUTH_58d78b787ec34892b5aaa0c7a146155f/clubes_2025/silhuetas/CEA/FORMATO.png,0,0,0,0,0,0,0,0,0,0,0,0,0,0,0,0,0,0,0,0,0,0
97645,Thiago Couto,Thiago Couto Wenceslau,thiago-couto,VIT,287,Goleiro,1,Nulo,6,3.0,0.0,0.0,0.0,0,29,False,https://s3.glbimg.com/v1/AUTH_58d78b787ec34892b5aaa0c7a146155f/clubes_2025/silhuetas/VIT/FORMATO.png,0,0,0,0,0,0,0,0,0,0,0,0,0,0,0,0,0,0,0,0,0,0
103662,Dênis Júnior,Dênis de Oliveira Aguiar Júnior,denis-junior,BAH,265,Goleiro,1,Nulo,6,3.0,0.0,0.0,0.0,0,29,False,https://s3.glbimg.com/v1/AUTH_58d78b787ec34892b5aaa0c7a146155f/clubes_2025/silhuetas/BAH/FORMATO.png,0,0,0,0,0,0,0,0,0,0,0,0,0,0,0,0,0,0,0,0,0,0
107748,Adriel,Adriel Vasconcelos Ramos,adriel,GRE,284,Goleiro,1,Nulo,6,3.0,0.0,0.0,0.0,0,29,False,https://s3.glbimg.com/v1/AUTH_58d78b787ec34892b5aaa0c7a146155f/clubes_2025/silhuetas/GRE/FORMATO.png,0,0,0,0,0,0,0,0,0,0,0,0,0,0,0,0,0,0,0,0,0,0
122318,Dyogo Alves,Francisco Dyogo Bento Alves,dyogo-alves,FLA,262,Goleiro,1,Nulo,6,3.0,0.0,0.0,0.0,0,29,False,https://s3.glbimg.com/v1/AUTH_58d78b787ec34892b5aaa0c7a146155f/clubes_2025/silhuetas/FLA/FORMATO.png,0,0,0,0,0,0,0,0,0,0,0,0,0,0,0,0,0,0,0,0,0,0
79066,Alex Muralha,Alex Roberto Santana Rafael,alex-muralha,MIR,2305,Goleiro,1,Nulo,6,2.82,0.0,2.12,0.0,7,29,False,https://s3.glbimg.com/v1/AUTH_58d78b787ec34892b5aaa0c7a146155f/clubes_2025/silhuetas/MIR/FORMATO.png,0,3,0,0,0,0,0,0,0,1,0,0,0,10,0,0,0,0,0,0,0,0
115674,Gabriel Delfim,Gabriel Delfim Ferreira,gabriel-delfim,CAM,282,Goleiro,1,Nulo,6,2.55,0.0,1.9,0.0,1,29,False,https://s3.glbimg.com/v1/AUTH_58d78b787ec34892b5aaa0c7a146155f/clubes_2025/silhuetas/CAM/FORMATO.png,0,0,0,0,0,0,0,0,0,0,0,0,0,2,0,0,0,0,0,0,0,0
101478,Marcelo Pitaluga,Marcelo de Araújo Pitaluga Filho,marcelo-pitaluga,FLU,266,Goleiro,1,Nulo,6,2.53,0.0,-1.0,0.0,0,29,False,https://s3.glbimg.com/v1/AUTH_58d78b787ec34892b5aaa0c7a146155f/clubes_2025/silhuetas/FLU/FORMATO.png,0,1,0,0,0,0,0,0,0,0,0,0,0,0,0,0,0,0,0,0,0,0
95936,Daniel Fuzato,Daniel Cerântula Fuzato,daniel-fuzato,VAS,267,Goleiro,1,Nulo,6,2.04,0.0,-0.7,0.0,2,29,False,https://s3.glbimg.com/v1/AUTH_58d78b787ec34892b5aaa0c7a146155f/clubes_2025/silhuetas/VAS/FORMATO.png,0,0,0,0,0,0,0,0,0,0,0,0,0,4,0,0,0,0,0,0,0,0
140908,Bruno Bertinato,Bruno Oliveira Bertinato,bruno-bertinato,MIR,2305,Goleiro,1,Nulo,6,2.0,0.0,0.0,0.0,0,29,False,https://s3.glbimg.com/v1/AUTH_58d78b787ec34892b5aaa0c7a146155f/clubes_2025/silhuetas/MIR/FORMATO.png,0,0,0,0,0,0,0,0,0,0,0,0,0,0,0,0,0,0,0,0,0,0
141145,Davi,Davi Medeiros Serrano Lira,davi,SPT,292,Goleiro,1,Nulo,6,2.0,0.0,0.0,0.0,0,29,False,https://s3.glbimg.com/v1/AUTH_58d78b787ec34892b5aaa0c7a146155f/clubes_2025/silhuetas/SPT/FORMATO.png,0,0,0,0,0,0,0,0,0,0,0,0,0,0,0,0,0,0,0,0,0,0
72279,Thomazella,Carlos Eduardo Lecciolle Thomazella,thomazella,MIR,2305,Goleiro,1,Nulo,6,2.0,0.0,0.0,0.0,0,29,False,https://s3.glbimg.com/v1/AUTH_58d78b787ec34892b5aaa0c7a146155f/clubes_2025/silhuetas/MIR/FORMATO.png,0,0,0,0,0,0,0,0,0,0,0,0,0,0,0,0,0,0,0,0,0,0
102137,Vitor Eudes,Vitor Eudes de Souza Costa,vitor-eudes,FLU,266,Goleiro,1,Nulo,6,2.0,0.0,0.0,0.0,0,29,False,https://s3.glbimg.com/v1/AUTH_58d78b787ec34892b5aaa0c7a146155f/clubes_2025/silhuetas/FLU/FORMATO.png,0,0,0,0,0,0,0,0,0,0,0,0,0,0,0,0,0,0,0,0,0,0
104191,Raul,Raul Jonas Steffens,raul,BOT,263,Goleiro,1,Nulo,6,2.0,0.0,0.0,0.0,0,29,False,https://s3.glbimg.com/v1/AUTH_58d78b787ec34892b5aaa0c7a146155f/clubes_2025/silhuetas/BOT/FORMATO.png,0,0,0,0,0,0,0,0,0,0,0,0,0,0,0,0,0,0,0,0,0,0
104588,Fabrício,Fabrício Oliveira de Souza,fabricio,RBB,280,Goleiro,1,Nulo,6,2.0,0.0,0.0,0.0,0,29,False,https://s3.glbimg.com/v1/AUTH_58d78b787ec34892b5aaa0c7a146155f/clubes_2025/silhuetas/RBB/FORMATO.png,0,0,0,0,0,0,0,0,0,0,0,0,0,0,0,0,0,0,0,0,0,0
104933,Jorge Meurer,Jorge Meurer Bartholdy,jorge-meurer,GRE,284,Goleiro,1,Nulo,6,2.0,0.0,0.0,0.0,0,29,False,https://s3.glbimg.com/v1/AUTH_58d78b787ec34892b5aaa0c7a146155f/clubes_2025/silhuetas/GRE/FORMATO.png,0,0,0,0,0,0,0,0,0,0,0,0,0,0,0,0,0,0,0,0,0,0
107859,Fintelman,Alexandre Fintelman de Mello Ribeiro da Silva,fintelman,VIT,287,Goleiro,1,Contundido,5,2.0,0.0,0.0,0.0,0,29,False,https://s3.glbimg.com/v1/AUTH_58d78b787ec34892b5aaa0c7a146155f/clubes_2025/silhuetas/VIT/FORMATO.png,0,0,0,0,0,0,0,0,0,0,0,0,0,0,0,0,0,0,0,0,0,0
124701,Leandro,Leandro Mathias Silva Bueno,leandro,SAO,276,Goleiro,1,Nulo,6,2.0,0.0,0.0,0.0,0,29,False,https://s3.glbimg.com/v1/AUTH_58d78b787ec34892b5aaa0c7a146155f/clubes_2025/silhuetas/SAO/FORMATO.png,0,0,0,0,0,0,0,0,0,0,0,0,0,0,0,0,0,0,0,0,0,0
129930,Cristhian Loor,Cristhian Joel Loor Santamaría - Christian,cristhian-loor,BOT,263,Goleiro,1,Nulo,6,2.0,0.0,0.0,0.0,0,29,False,https://s3.glbimg.com/v1/AUTH_58d78b787ec34892b5aaa0c7a146155f/clubes_2025/silhuetas/BOT/FORMATO.png,0,0,0,0,0,0,0,0,0,0,0,0,0,0,0,0,0,0,0,0,0,0
133671,Gustavo Reis,Gustavo Reis de Alcântara,gustavo-reis,RBB,280,Goleiro,1,Nulo,6,1.0,0.0,0.0,0.0,0,29,False,https://s3.glbimg.com/v1/AUTH_58d78b787ec34892b5aaa0c7a146155f/clubes_2025/silhuetas/RBB/FORMATO.png,0,0,0,0,0,0,0,0,0,0,0,0,0,0,0,0,0,0,0,0,0,0
141125,Robert,Robert Pinto Alves Assunção,robert,CAM,282,Goleiro,1,Nulo,6,1.0,0.0,0.0,0.0,0,29,False,https://s3.glbimg.com/v1/AUTH_58d78b787ec34892b5aaa0c7a146155f/clubes_2025/silhuetas/CAM/FORMATO.png,0,0,0,0,0,0,0,0,0,0,0,0,0,0,0,0,0,0,0,0,0,0
141610,João Pedro,João Pedro Pantiga Gomes,joao-pedro,SAO,276,Goleiro,1,Nulo,6,1.0,0.0,0.0,0.0,0,29,False,https://s3.glbimg.com/v1/AUTH_58d78b787ec34892b5aaa0c7a146155f/clubes_2025/silhuetas/SAO/FORMATO.png,0,0,0,0,0,0,0,0,0,0,0,0,0,0,0,0,0,0,0,0,0,0
141643,Fernando Costa,Fernando Henrique Pires Costa,fernando-costa,RBB,280,Goleiro,1,Nulo,6,1.0,0.0,0.0,0.0,0,29,False,https://s3.glbimg.com/v1/AUTH_58d78b787ec34892b5aaa0c7a146155f/clubes_2025/silhuetas/RBB/FORMATO.png,0,0,0,0,0,0,0,0,0,0,0,0,0,0,0,0,0,0,0,0,0,0
142130,Marcelo Eráclito,Marcelo Eráclito de Souza Filho,marcelo-eraclito,CRU,283,Goleiro,1,Nulo,6,1.0,0.0,0.0,0.0,0,29,False,https://s3.glbimg.com/v1/AUTH_58d78b787ec34892b5aaa0c7a146155f/clubes_2025/silhuetas/CRU/FORMATO.png,0,0,0,0,0,0,0,0,0,0,0,0,0,0,0,0,0,0,0,0,0,0
142268,Zé Henrique,José Henrique Camargo,ze-henrique,JUV,286,Goleiro,1,Nulo,6,1.0,0.0,0.0,0.0,0,29,False,https://s3.glbimg.com/v1/AUTH_58d78b787ec34892b5aaa0c7a146155f/clubes_2025/silhuetas/JUV/FORMATO.png,0,0,0,0,0,0,0,0,0,0,0,0,0,0,0,0,0,0,0,0,0,0
143040,Salvador,Eduardo Salvador Correia,salvador,FOR,356,Goleiro,1,Nulo,6,1.0,0.0,0.0,0.0,0,29,False,https://s3.glbimg.com/v1/AUTH_58d78b787ec34892b5aaa0c7a146155f/clubes_2025/silhuetas/FOR/FORMATO.png,0,0,0,0,0,0,0,0,0,0,0,0,0,0,0,0,0,0,0,0,0,0
144424,Vitor Lamounier,Vitor Lamounier Rego,vitor-lamounier,CRU,283,Goleiro,1,Nulo,6,1.0,0.0,0.0,0.0,0,29,False,https://s3.glbimg.com/v1/AUTH_58d78b787ec34892b5aaa0c7a146155f/clubes_2025/silhuetas/CRU/FORMATO.png,0,0,0,0,0,0,0,0,0,0,0,0,0,0,0,0,0,0,0,0,0,0
145612,Luiz Sá,Luiz Felipe Vieira Santana de Sá,luiz-sa,PAL,275,Goleiro,1,Nulo,6,1.0,0.0,0.0,0.0,0,29,False,https://s3.glbimg.com/v1/AUTH_58d78b787ec34892b5aaa0c7a146155f/clubes_2025/silhuetas/PAL/FORMATO.png,0,0,0,0,0,0,0,0,0,0,0,0,0,0,0,0,0,0,0,0,0,0
146663,Kauan Lima,Kauan Lima da Cunha,kauan-lima,PAL,275,Goleiro,1,Nulo,6,1.0,0.0,0.0,0.0,0,29,False,https://s3.glbimg.com/v1/AUTH_58d78b787ec34892b5aaa0c7a146155f/clubes_2025/silhuetas/PAL/FORMATO.png,0,0,0,0,0,0,0,0,0,0,0,0,0,0,0,0,0,0,0,0,0,0
132560,Davi Barbosa,Davi Barbosa da Silva Novaes,davi-barbosa,VIT,287,Goleiro,1,Nulo,6,1.0,0.0,0.0,0.0,0,29,False,https://s3.glbimg.com/v1/AUTH_58d78b787ec34892b5aaa0c7a146155f/clubes_2025/silhuetas/VIT/FORMATO.png,0,0,0,0,0,0,0,0,0,0,0,0,0,0,0,0,0,0,0,0,0,0
107698,Adriano,Antônio Adriano Nascimento de Sousa,adriano,SPT,292,Goleiro,1,Nulo,6,1.0,0.0,0.0,0.0,0,29,False,https://s3.glbimg.com/v1/AUTH_58d78b787ec34892b5aaa0c7a146155f/clubes_2025/silhuetas/SPT/FORMATO.png,0,0,0,0,0,0,0,0,0,0,0,0,0,0,0,0,0,0,0,0,0,0
111582,Gabriel Átila,Gabriel Átila Cardoso da Silva,gabriel-atila,CAM,282,Goleiro,1,Nulo,6,1.0,0.0,0.0,0.0,0,29,False,https://s3.glbimg.com/v1/AUTH_58d78b787ec34892b5aaa0c7a146155f/clubes_2025/silhuetas/CAM/FORMATO.png,0,0,0,0,0,0,0,0,0,0,0,0,0,0,0,0,0,0,0,0,0,0
131116,Felipe Preis,Felipe Gabriel Preis,felipe-preis,SAO,276,Goleiro,1,Nulo,6,1.0,0.0,0.0,0.0,0,29,False,https://s3.glbimg.com/v1/AUTH_58d78b787ec34892b5aaa0c7a146155f/clubes_2025/silhuetas/SAO/FORMATO.png,0,0,0,0,0,0,0,0,0,0,0,0,0,0,0,0,0,0,0,0,0,0
116067,Thiago Beltrame,Thiago Beltrame Stallbaum,thiago-beltrame,GRE,284,Goleiro,1,Nulo,6,1.0,0.0,0.0,0.0,0,29,False,https://s3.glbimg.com/v1/AUTH_58d78b787ec34892b5aaa0c7a146155f/clubes_2025/silhuetas/GRE/FORMATO.png,0,0,0,0,0,0,0,0,0,0,0,0,0,0,0,0,0,0,0,0,0,0
117404,Otávio,Otávio Eleodoro Rezende Costa,otavio,CRU,283,Goleiro,1,Nulo,6,1.0,0.0,0.0,0.0,0,29,False,https://s3.glbimg.com/v1/AUTH_58d78b787ec34892b5aaa0c7a146155f/clubes_2025/silhuetas/CRU/FORMATO.png,0,0,0,0,0,0,0,0,0,0,0,0,0,0,0,0,0,0,0,0,0,0
121823,Kauê,Kauê Vinicius de Souza Camargo,kaue,COR,264,Goleiro,1,Nulo,6,1.0,0.0,0.0,0.0,0,29,False,https://s3.glbimg.com/v1/AUTH_58d78b787ec34892b5aaa0c7a146155f/clubes_2025/silhuetas/COR/FORMATO.png,0,0,0,0,0,0,0,0,0,0,0,0,0,0,0,0,0,0,0,0,0,0
122994,Victor Nascimento,Victor dos Santos Nascimento,victor-nascimento,BAH,265,Goleiro,1,Nulo,6,1.0,0.0,0.0,0.0,0,29,False,https://s3.glbimg.com/v1/AUTH_58d78b787ec34892b5aaa0c7a146155f/clubes_2025/silhuetas/BAH/FORMATO.png,0,0,0,0,0,0,0,0,0,0,0,0,0,0,0,0,0,0,0,0,0,0
122922,Wanderson Aranha,Wanderson Carlos Ferreira dos Santos,wanderson-aranha,PAL,275,Goleiro,1,Nulo,6,1.0,0.0,0.0,0.0,0,29,False,https://s3.glbimg.com/v1/AUTH_58d78b787ec34892b5aaa0c7a146155f/clubes_2025/silhuetas/PAL/FORMATO.png,0,0,0,0,0,0,0,0,0,0,0,0,0,0,0,0,0,0,0,0,0,0
124264,Kauan,Kauan Jesus Santos Oliveira,kauan,INT,285,Goleiro,1,Nulo,6,1.0,0.0,0.0,0.0,0,29,False,https://s3.glbimg.com/v1/AUTH_58d78b787ec34892b5aaa0c7a146155f/clubes_2025/silhuetas/INT/FORMATO.png,0,0,0,0,0,0,0,0,0,0,0,0,0,0,0,0,0,0,0,0,0,0
130189,Léo Nannetti,Leonardo Nannetti Lopes,leo-nannetti,FLA,262,Goleiro,1,Nulo,6,1.0,0.0,0.0,0.0,0,29,False,https://s3.glbimg.com/v1/AUTH_58d78b787ec34892b5aaa0c7a146155f/clubes_2025/silhuetas/FLA/FORMATO.png,0,0,0,0,0,0,0,0,0,0,0,0,0,0,0,0,0,0,0,0,0,0
129665,Pablo,Pablo de Paula Cardoso,pablo,VAS,267,Goleiro,1,Nulo,6,1.0,0.0,0.0,0.0,0,29,False,https://s3.glbimg.com/v1/AUTH_58d78b787ec34892b5aaa0c7a146155f/clubes_2025/silhuetas/VAS/FORMATO.png,0,0,0,0,0,0,0,0,0,0,0,0,0,0,0,0,0,0,0,0,0,0
130305,Rhyan,Rhyan Luca Carvalho de Arruda,rhyan,BOT,263,Goleiro,1,Nulo,6,1.0,0.0,0.0,0.0,0,29,False,https://s3.glbimg.com/v1/AUTH_58d78b787ec34892b5aaa0c7a146155f/clubes_2025/silhuetas/BOT/FORMATO.png,0,0,0,0,0,0,0,0,0,0,0,0,0,0,0,0,0,0,0,0,0,0
130280,Phillipe Gabriel,Phillipe Gabriel Pires de Oliveira,phillipe-gabriel,VAS,267,Goleiro,1,Nulo,6,1.0,0.0,0.0,0.0,0,29,False,https://s3.glbimg.com/v1/AUTH_58d78b787ec34892b5aaa0c7a146155f/clubes_2025/silhuetas/VAS/FORMATO.png,0,0,0,0,0,0,0,0,0,0,0,0,0,0,0,0,0,0,0,0,0,0
131753,Felipe Longo,Felipe Longo Fernandes da Silva,felipe-longo,COR,264,Goleiro,1,Provável,7,0.76,0.0,-0.4,0.0,1,29,False,https://s3.glbimg.com/v1/AUTH_58d78b787ec34892b5aaa0c7a146155f/clubes_2025/silhuetas/COR/FORMATO.png,0,0,0,0,0,0,0,0,0,0,0,0,0,3,0,0,0,0,0,0,0,0
89275,William,Willian de Asevedo Furtado,william,CRU,283,Lateral,2,Provável,7,14.86,-0.4,7.5,4.4,22,29,True,https://s3.glbimg.com/v1/AUTH_58d78b787ec34892b5aaa0c7a146155f/clubes_2025/silhuetas/CRU/FORMATO.png,4,1,1,0,0,53,31,4,9,14,0,0,0,0,2,0,0,0,0,0,12,0
93716,Paulo Henrique,Paulo Henrique de Oliveira Alves,paulo-henrique,VAS,267,Lateral,2,Provável,7,14.16,0.8,8.31,12.8,20,29,True,https://s3.glbimg.com/v1/AUTH_58d78b787ec34892b5aaa0c7a146155f/clubes_2025/silhuetas/VAS/FORMATO.png,6,7,0,0,0,64,41,6,5,19,2,1,0,0,1,0,0,0,0,0,5,0
110426,Bernabéi,Alexandro Ezequiel Bernabéi,bernabei,INT,285,Lateral,2,Suspenso,3,13.98,1.36,5.84,14.1,21,29,True,https://s3.glbimg.com/v1/AUTH_58d78b787ec34892b5aaa0c7a146155f/clubes_2025/silhuetas/INT/FORMATO.png,4,5,1,0,0,51,40,6,10,20,0,0,0,0,1,0,0,0,1,0,4,0
78850,Reinaldo,Reinaldo Manoel da Silva,reinaldo,MIR,2305,Lateral,2,Provável,7,13.03,1.0,8.17,21.0,26,29,True,https://s3.glbimg.com/v1/AUTH_58d78b787ec34892b5aaa0c7a146155f/clubes_2025/silhuetas/MIR/FORMATO.png,5,5,0,0,0,27,19,10,17,20,0,11,0,0,0,0,0,1,0,0,8,0
102130,Piquerez,Joaquín Piquerez Moreira,piquerez,PAL,275,Lateral,2,Suspenso,3,10.91,-0.45,5.45,1.7,25,29,True,https://s3.glbimg.com/v1/AUTH_58d78b787ec34892b5aaa0c7a146155f/clubes_2025/silhuetas/PAL/FORMATO.png,1,2,1,0,0,34,9,6,15,14,0,3,1,0,0,0,0,1,0,0,9,0
96870,Emerson Royal,Emerson Aparecido Leite de Souza Júnior,emerson-royal,FLA,262,Lateral,2,Provável,7,10.79,0.32,6.05,6.7,9,29,True,https://s3.glbimg.com/v1/AUTH_58d78b787ec34892b5aaa0c7a146155f/clubes_2025/silhuetas/FLA/FORMATO.png,0,1,0,0,0,20,10,1,1,17,0,1,0,0,0,0,0,0,0,0,2,0
94968,Juninho Capixaba,Luis Antônio da Rocha Júnior,juninho-capixaba,RBB,280,Lateral,2,Provável,7,10.72,-0.55,7.0,0.9,16,29,True,https://s3.glbimg.com/v1/AUTH_58d78b787ec34892b5aaa0c7a146155f/clubes_2025/silhuetas/RBB/FORMATO.png,0,2,0,0,0,32,22,5,8,35,0,1,0,0,2,0,0,0,0,0,7,0
112709,Kaiki Bruno,Kaiki Bruno da Silva,kaiki-bruno,CRU,283,Lateral,2,Provável,7,10.64,0.0,7.64,0.0,26,29,False,https://s3.glbimg.com/v1/AUTH_58d78b787ec34892b5aaa0c7a146155f/clubes_2025/silhuetas/CRU/FORMATO.png,3,9,0,0,0,74,49,7,14,27,0,1,0,0,0,0,0,0,0,0,11,0
101727,Matheuzinho,Matheus França Silva,matheuzinho,COR,264,Lateral,2,Suspenso,3,10.59,-0.4,6.15,4.9,24,29,True,https://s3.glbimg.com/v1/AUTH_58d78b787ec34892b5aaa0c7a146155f/clubes_2025/silhuetas/COR/FORMATO.png,3,9,0,0,0,51,18,1,8,15,0,2,0,0,1,0,0,0,0,0,8,0
101027,Diego,Jackson Diego Ibraim Fagundes - Ibrahim,diego,CEA,354,Lateral,2,Nulo,6,10.57,0.0,5.85,0.0,23,29,False,https://s3.glbimg.com/v1/AUTH_58d78b787ec34892b5aaa0c7a146155f/clubes_2025/silhuetas/CEA/FORMATO.png,2,3,0,0,0,34,20,3,6,52,1,0,0,0,0,0,0,0,0,0,9,0
106708,Igor Formiga,Igor Marques Paciência Cardoso,igor-formiga,JUV,286,Lateral,2,Provável,7,10.52,1.71,7.31,15.6,8,29,True,https://s3.glbimg.com/v1/AUTH_58d78b787ec34892b5aaa0c7a146155f/clubes_2025/silhuetas/JUV/FORMATO.png,1,0,0,0,0,19,7,2,4,7,0,1,0,0,0,0,0,0,0,0,2,0
72493,Alex Telles,Alex Nicolao Telles,alex-telles,BOT,263,Lateral,2,Nulo,6,10.51,0.0,5.59,0.0,17,29,False,https://s3.glbimg.com/v1/AUTH_58d78b787ec34892b5aaa0c7a146155f/clubes_2025/silhuetas/BOT/FORMATO.png,2,1,0,0,0,8,16,2,7,10,0,2,0,0,1,0,0,0,0,0,10,0
78445,Renê,Renê Rodrigues Martins,rene,FLU,266,Lateral,2,Provável,7,10.5,0.64,6.52,10.0,18,29,True,https://s3.glbimg.com/v1/AUTH_58d78b787ec34892b5aaa0c7a146155f/clubes_2025/silhuetas/FLU/FORMATO.png,0,0,0,0,0,45,14,0,4,16,0,1,0,0,0,0,0,0,0,0,7,0
105531,Matheus Bidu,Matheus Lima Beltrão Oliveira Valin,matheus-bidu,COR,264,Lateral,2,Provável,7,10.24,0.07,5.88,5.5,19,29,True,https://s3.glbimg.com/v1/AUTH_58d78b787ec34892b5aaa0c7a146155f/clubes_2025/silhuetas/COR/FORMATO.png,2,7,0,0,0,28,15,3,7,43,0,0,0,0,6,0,0,0,1,0,8,0
100898,Vitinho,Victor Alexander da Silva,vitinho,BOT,263,Lateral,2,Provável,7,9.85,0.6,5.68,4.7,25,29,True,https://s3.glbimg.com/v1/AUTH_58d78b787ec34892b5aaa0c7a146155f/clubes_2025/silhuetas/BOT/FORMATO.png,1,1,0,0,0,42,20,2,6,13,0,1,0,0,3,0,0,0,0,0,12,0
80570,Wendell,Wendell Nascimento Borges,wendell,SAO,276,Lateral,2,Contundido,5,9.67,0.0,4.99,0.0,15,29,False,https://s3.glbimg.com/v1/AUTH_58d78b787ec34892b5aaa0c7a146155f/clubes_2025/silhuetas/SAO/FORMATO.png,1,0,0,0,0,22,12,0,3,16,0,0,0,0,0,0,0,0,0,0,6,0
63013,Marcos Rocha,Marcos Luis Rocha Aquino,marcos-rocha,GRE,284,Lateral,2,Contundido,5,9.61,-1.34,6.43,1.5,7,29,True,https://s3.glbimg.com/v1/AUTH_58d78b787ec34892b5aaa0c7a146155f/clubes_2025/silhuetas/GRE/FORMATO.png,0,0,0,0,0,21,4,1,0,7,0,0,0,0,0,0,0,0,0,0,2,0
116065,Cuiabano,Luís Eduardo Soares da Silva,cuiabano,BOT,263,Lateral,2,Provável,7,9.56,0.05,5.81,3.4,19,29,True,https://s3.glbimg.com/v1/AUTH_58d78b787ec34892b5aaa0c7a146155f/clubes_2025/silhuetas/BOT/FORMATO.png,2,4,0,0,0,19,18,4,7,14,1,2,0,0,1,0,0,0,0,0,9,0
61987,Alex Sandro,Alex Sandro Lobo Silva,alex-sandro,FLA,262,Lateral,2,Nulo,6,9.44,-0.69,4.15,1.4,17,29,True,https://s3.glbimg.com/v1/AUTH_58d78b787ec34892b5aaa0c7a146155f/clubes_2025/silhuetas/FLA/FORMATO.png,0,4,0,0,0,16,35,1,3,15,0,0,0,0,1,0,0,0,0,0,10,0
97468,Marçal,Fernando Marçal de Oliveira,marcal,BOT,263,Lateral,2,Provável,7,9.39,1.17,5.59,7.5,11,29,True,https://s3.glbimg.com/v1/AUTH_58d78b787ec34892b5aaa0c7a146155f/clubes_2025/silhuetas/BOT/FORMATO.png,0,5,0,0,0,17,16,0,1,6,0,2,0,0,0,0,0,0,0,0,5,0
82775,Lucas Ramon,Lucas Ramon Batista Silva,lucas-ramon,MIR,2305,Lateral,2,Contundido,5,9.24,0.0,6.12,0.0,23,29,False,https://s3.glbimg.com/v1/AUTH_58d78b787ec34892b5aaa0c7a146155f/clubes_2025/silhuetas/MIR/FORMATO.png,2,6,0,0,0,45,22,7,6,32,0,2,0,0,3,0,0,0,1,0,6,0
88393,Ayrton Lucas,Ayrton Lucas Dantas de Medeiros,ayrton-lucas,FLA,262,Lateral,2,Provável,7,9.16,0.0,5.25,0.0,11,29,False,https://s3.glbimg.com/v1/AUTH_58d78b787ec34892b5aaa0c7a146155f/clubes_2025/silhuetas/FLA/FORMATO.png,0,3,0,0,0,13,15,2,1,11,0,1,0,0,0,0,0,0,0,0,6,0
107554,Natanael,Natanael Moreira Milouski,natanael,CAM,282,Lateral,2,Dúvida,2,8.8,0.92,4.98,7.5,26,29,True,https://s3.glbimg.com/v1/AUTH_58d78b787ec34892b5aaa0c7a146155f/clubes_2025/silhuetas/CAM/FORMATO.png,0,1,0,0,0,45,20,4,9,19,0,1,0,0,3,0,0,0,0,0,8,0
73384,Samuel Xavier,Samuel Xavier Brito,samuel-xavier,FLU,266,Lateral,2,Provável,7,8.77,-0.74,4.79,2.0,19,29,True,https://s3.glbimg.com/v1/AUTH_58d78b787ec34892b5aaa0c7a146155f/clubes_2025/silhuetas/FLU/FORMATO.png,1,3,0,0,0,14,21,1,4,22,0,3,0,0,0,0,0,0,0,0,7,0
84816,Varela,Guillermo Varela Olivera,varela,FLA,262,Lateral,2,Nulo,6,8.77,0.0,5.09,0.0,17,29,False,https://s3.glbimg.com/v1/AUTH_58d78b787ec34892b5aaa0c7a146155f/clubes_2025/silhuetas/FLA/FORMATO.png,4,0,0,0,0,9,4,1,1,7,0,0,0,0,2,0,0,0,0,0,10,0
102975,Escobar,Gonzalo Daniel Escobar,escobar,SAN,277,Lateral,2,Dúvida,2,8.76,0.0,4.91,2.2,25,29,True,https://s3.glbimg.com/v1/AUTH_58d78b787ec34892b5aaa0c7a146155f/clubes_2025/silhuetas/SAN/FORMATO.png,0,5,1,0,0,67,33,3,6,18,0,0,0,0,1,0,0,0,0,0,5,0
105584,Lucas Piton,Lucas Piton Crivellaro,lucas-piton,VAS,267,Lateral,2,Provável,7,8.75,0.65,4.69,9.2,20,29,True,https://s3.glbimg.com/v1/AUTH_58d78b787ec34892b5aaa0c7a146155f/clubes_2025/silhuetas/VAS/FORMATO.png,6,4,0,0,0,23,31,1,5,9,0,1,0,0,1,0,0,0,0,0,5,0
107093,Luciano Juba,Luciano Batista da Silva Júnior,luciano-juba,BAH,265,Lateral,2,Provável,7,8.74,0.0,5.66,0.0,24,29,False,https://s3.glbimg.com/v1/AUTH_58d78b787ec34892b5aaa0c7a146155f/clubes_2025/silhuetas/BAH/FORMATO.png,3,3,0,0,0,23,16,3,9,7,0,5,0,0,1,0,0,0,0,0,8,0
104758,Enzo Díaz,Enzo Hernán Díaz,enzo-diaz,SAO,276,Lateral,2,Provável,7,8.7,-1.35,5.9,-0.1,24,29,True,https://s3.glbimg.com/v1/AUTH_58d78b787ec34892b5aaa0c7a146155f/clubes_2025/silhuetas/SAO/FORMATO.png,5,8,0,0,0,53,43,1,7,32,1,0,0,0,1,0,0,0,0,0,7,0
124526,Giay,Agustín Giay,giay,PAL,275,Lateral,2,Provável,7,8.65,0.0,5.16,0.0,22,29,False,https://s3.glbimg.com/v1/AUTH_58d78b787ec34892b5aaa0c7a146155f/clubes_2025/silhuetas/PAL/FORMATO.png,0,1,0,0,0,41,26,0,3,27,0,0,0,0,1,0,0,0,0,0,9,0
100848,Luan Cândido,Luan Cândido de Almeida,luan-candido,SPT,292,Lateral,2,Provável,7,8.63,-1.06,5.0,0.9,6,29,True,https://s3.glbimg.com/v1/AUTH_58d78b787ec34892b5aaa0c7a146155f/clubes_2025/silhuetas/SPT/FORMATO.png,0,1,0,0,0,10,8,4,1,2,0,1,0,0,2,0,0,0,0,0,1,0
42500,Fagner,Fagner Conserva Lemos,fagner,CRU,283,Lateral,2,Nulo,6,8.51,0.0,6.1,0.0,9,29,False,https://s3.glbimg.com/v1/AUTH_58d78b787ec34892b5aaa0c7a146155f/clubes_2025/silhuetas/CRU/FORMATO.png,0,1,0,0,0,20,11,0,1,7,0,0,0,0,1,0,0,0,0,0,5,0
90061,Bruno Pacheco,Bruno de Jesus Pacheco,bruno-pacheco,FOR,356,Lateral,2,Provável,7,8.47,-0.8,5.45,1.0,8,29,True,https://s3.glbimg.com/v1/AUTH_58d78b787ec34892b5aaa0c7a146155f/clubes_2025/silhuetas/FOR/FORMATO.png,1,2,0,0,0,10,7,0,1,12,1,1,0,0,1,0,0,0,0,0,2,0
110510,Aguirre,Braian Aguirre Nahuel,aguirre,INT,285,Lateral,2,Contundido,5,8.39,0.45,4.83,7.4,25,29,True,https://s3.glbimg.com/v1/AUTH_58d78b787ec34892b5aaa0c7a146155f/clubes_2025/silhuetas/INT/FORMATO.png,0,4,0,0,0,55,35,2,5,3,2,1,0,0,3,0,0,0,1,0,6,0
80313,Gilberto,Gilberto Moraes Júnior,gilberto,BAH,265,Lateral,2,Provável,7,8.35,0.4,4.58,7.0,18,29,True,https://s3.glbimg.com/v1/AUTH_58d78b787ec34892b5aaa0c7a146155f/clubes_2025/silhuetas/BAH/FORMATO.png,0,5,0,0,0,25,14,2,5,10,0,1,0,0,1,0,0,0,0,0,7,0
82628,Tinga,Guilherme de Jesus da Silva,tinga,FOR,356,Lateral,2,Nulo,6,8.33,0.0,4.11,0.0,10,29,False,https://s3.glbimg.com/v1/AUTH_58d78b787ec34892b5aaa0c7a146155f/clubes_2025/silhuetas/FOR/FORMATO.png,0,1,0,0,0,11,6,0,3,4,0,1,0,0,0,0,0,0,0,0,3,0
101319,Guga,Cláudio Rodrigues Gomes,guga,FLU,266,Lateral,2,Nulo,6,8.14,-0.34,5.43,0.0,15,29,True,https://s3.glbimg.com/v1/AUTH_58d78b787ec34892b5aaa0c7a146155f/clubes_2025/silhuetas/FLU/FORMATO.png,1,1,0,0,0,25,6,1,2,12,0,1,0,0,0,0,0,0,0,0,5,0
105175,Khellven,Khellven Douglas Silva Oliveira,khellven,PAL,275,Lateral,2,Nulo,6,8.13,1.68,4.52,10.1,6,29,True,https://s3.glbimg.com/v1/AUTH_58d78b787ec34892b5aaa0c7a146155f/clubes_2025/silhuetas/PAL/FORMATO.png,1,0,0,0,0,9,13,0,0,5,0,0,0,0,0,0,0,0,0,0,2,0
106202,Bruno Gomes,Bruno Gomes da Silva Clevelário,bruno-gomes,INT,285,Lateral,2,Provável,7,8.11,1.35,5.0,9.1,4,29,True,https://s3.glbimg.com/v1/AUTH_58d78b787ec34892b5aaa0c7a146155f/clubes_2025/silhuetas/INT/FORMATO.png,0,0,0,0,0,6,5,1,1,1,0,0,0,0,0,0,0,0,0,0,2,0
87228,Guilherme Arana,Guilherme Antonio Arana Lopes,guilherme-arana,CAM,282,Lateral,2,Dúvida,2,8.05,-1.12,3.29,0.0,15,29,True,https://s3.glbimg.com/v1/AUTH_58d78b787ec34892b5aaa0c7a146155f/clubes_2025/silhuetas/CAM/FORMATO.png,1,4,0,0,0,15,14,3,5,9,1,0,0,0,0,0,0,0,0,0,3,0
81150,Mayke,Mayke Rocha de Oliveira,mayke,SAN,277,Lateral,2,Nulo,6,8.01,0.0,4.55,0.0,11,29,False,https://s3.glbimg.com/v1/AUTH_58d78b787ec34892b5aaa0c7a146155f/clubes_2025/silhuetas/SAN/FORMATO.png,0,2,0,0,0,24,17,1,2,7,0,0,0,0,1,0,0,0,0,0,3,0
82639,Marcelo Hermes,Marcelo Gazella Hermes,marcelo-hermes,JUV,286,Lateral,2,Provável,7,7.98,0.8,5.1,7.4,12,29,True,https://s3.glbimg.com/v1/AUTH_58d78b787ec34892b5aaa0c7a146155f/clubes_2025/silhuetas/JUV/FORMATO.png,2,2,0,0,0,17,14,5,8,9,0,0,0,0,0,0,0,0,0,0,3,0
97899,Matheus Bahia,Matheus Bahia Santos,matheus-bahia,CEA,354,Lateral,2,Provável,7,7.98,-0.53,4.94,0.5,18,29,True,https://s3.glbimg.com/v1/AUTH_58d78b787ec34892b5aaa0c7a146155f/clubes_2025/silhuetas/CEA/FORMATO.png,1,3,0,0,0,25,16,2,3,23,1,0,0,0,0,0,0,0,0,0,7,0
91706,Marlon,Marlon Rodrigues Xavier,marlon,GRE,284,Lateral,2,Provável,7,7.96,0.28,5.07,5.0,21,29,True,https://s3.glbimg.com/v1/AUTH_58d78b787ec34892b5aaa0c7a146155f/clubes_2025/silhuetas/GRE/FORMATO.png,2,5,0,0,0,48,17,2,2,23,0,0,0,0,0,0,0,0,0,0,4,0
116461,Jamerson,Jamerson Santos de Jesus,jamerson,VIT,287,Lateral,2,Contundido,5,7.87,0.0,5.15,0.0,12,29,False,https://s3.glbimg.com/v1/AUTH_58d78b787ec34892b5aaa0c7a146155f/clubes_2025/silhuetas/VIT/FORMATO.png,2,0,0,0,0,20,8,5,6,7,0,0,0,0,1,0,0,0,0,0,2,0
98974,Viña,Matías Nicolás Viña Susperreguy,vina,FLA,262,Lateral,2,Nulo,6,7.71,0.0,3.57,0.0,7,29,False,https://s3.glbimg.com/v1/AUTH_58d78b787ec34892b5aaa0c7a146155f/clubes_2025/silhuetas/FLA/FORMATO.png,0,1,0,0,0,4,5,0,0,3,0,0,0,0,0,0,0,0,0,0,4,0
101597,Ramon,Ramon Ramos Lima,ramon,VIT,287,Lateral,2,Provável,7,7.62,0.97,4.08,12.2,15,29,True,https://s3.glbimg.com/v1/AUTH_58d78b787ec34892b5aaa0c7a146155f/clubes_2025/silhuetas/VIT/FORMATO.png,0,3,0,0,0,28,21,1,5,9,0,0,0,0,1,0,0,0,0,0,4,0
113078,Mancuso,Eros Nazareno Mancuso,mancuso,FOR,356,Lateral,2,Provável,7,7.57,-0.69,4.81,0.7,18,29,True,https://s3.glbimg.com/v1/AUTH_58d78b787ec34892b5aaa0c7a146155f/clubes_2025/silhuetas/FOR/FORMATO.png,2,4,0,0,0,25,17,6,7,15,0,1,0,0,2,0,0,0,0,0,4,0
70916,Diogo Barbosa,Diogo Barbosa Mendanha,diogo-barbosa,FOR,356,Lateral,2,Nulo,6,7.56,-0.66,4.21,0.5,12,29,True,https://s3.glbimg.com/v1/AUTH_58d78b787ec34892b5aaa0c7a146155f/clubes_2025/silhuetas/FOR/FORMATO.png,0,1,0,0,0,15,6,0,3,11,0,1,0,0,0,0,0,0,0,0,3,0
91639,Igor Cariús,Igor Aquino da Silva,igor-carius,SPT,292,Lateral,2,Nulo,6,7.52,-1.3,4.68,-0.1,19,29,True,https://s3.glbimg.com/v1/AUTH_58d78b787ec34892b5aaa0c7a146155f/clubes_2025/silhuetas/SPT/FORMATO.png,0,2,0,0,0,32,23,6,4,22,0,1,1,0,5,0,0,0,0,0,5,0
130811,Souza,João Victor de Souza Menezes,souza,SAN,277,Lateral,2,Dúvida,2,7.28,-0.04,4.22,2.2,15,29,True,https://s3.glbimg.com/v1/AUTH_58d78b787ec34892b5aaa0c7a146155f/clubes_2025/silhuetas/SAN/FORMATO.png,2,2,0,0,0,25,14,3,5,11,0,0,0,0,1,0,0,0,0,0,2,0
127932,Julio Fidélis,Julio Cesar Lima Fidelis,julio-fidelis,FLU,266,Lateral,2,Nulo,6,7.17,0.0,7.6,0.0,3,29,False,https://s3.glbimg.com/v1/AUTH_58d78b787ec34892b5aaa0c7a146155f/clubes_2025/silhuetas/FLU/FORMATO.png,1,0,0,0,0,5,2,0,3,7,0,0,0,0,0,0,0,0,0,0,1,0
103672,Gabriel Fuentes,Gabriel Rafael Fuentes Gómez,gabriel-fuentes,FLU,266,Lateral,2,Nulo,6,7.13,0.0,3.22,0.0,9,29,False,https://s3.glbimg.com/v1/AUTH_58d78b787ec34892b5aaa0c7a146155f/clubes_2025/silhuetas/FLU/FORMATO.png,0,3,0,0,0,14,14,2,1,4,0,0,0,0,0,0,0,0,0,0,2,0
77656,Cédric Soares,Cédric Ricardo Alves Soares,cedric-soares,SAO,276,Lateral,2,Contundido,5,7.08,0.0,3.5,0.0,22,29,False,https://s3.glbimg.com/v1/AUTH_58d78b787ec34892b5aaa0c7a146155f/clubes_2025/silhuetas/SAO/FORMATO.png,2,1,0,0,0,23,10,0,3,8,0,0,0,0,0,0,0,0,0,0,6,0
100846,Lucas Esteves,Lucas Esteves Souza,lucas-esteves,GRE,284,Lateral,2,Nulo,6,7.01,0.0,3.21,0.0,7,29,False,https://s3.glbimg.com/v1/AUTH_58d78b787ec34892b5aaa0c7a146155f/clubes_2025/silhuetas/GRE/FORMATO.png,0,1,0,0,0,11,8,1,4,2,0,0,0,0,0,0,0,0,0,0,1,0
143600,Kauã Moraes,Kauã Moraes Silva,kaua-moraes,CRU,283,Lateral,2,Nulo,6,7.0,0.9,5.37,6.6,3,29,True,https://s3.glbimg.com/v1/AUTH_58d78b787ec34892b5aaa0c7a146155f/clubes_2025/silhuetas/CRU/FORMATO.png,0,0,0,0,0,3,3,0,0,5,0,0,0,0,0,0,0,0,0,0,2,0
95466,Igor Vinícius,Igor Vinícius de Souza,igor-vinicius,SAN,277,Lateral,2,Provável,7,6.83,0.12,3.12,6.0,15,29,True,https://s3.glbimg.com/v1/AUTH_58d78b787ec34892b5aaa0c7a146155f/clubes_2025/silhuetas/SAN/FORMATO.png,0,5,0,0,0,24,18,3,3,10,0,0,0,0,0,0,0,0,0,0,2,0
110715,Andrés Hurtado,José Andrés Hurtado Cheme,andres-hurtado,RBB,280,Lateral,2,Provável,7,6.74,-0.14,3.86,2.6,22,29,True,https://s3.glbimg.com/v1/AUTH_58d78b787ec34892b5aaa0c7a146155f/clubes_2025/silhuetas/RBB/FORMATO.png,0,2,1,0,0,31,23,1,5,5,0,1,0,0,0,0,0,0,0,0,7,0
141763,Fabiano Souza,Fabiano Josué de Souza Silva,fabiano-souza,CEA,354,Lateral,2,Provável,7,6.73,-0.09,4.1,0.9,23,29,True,https://s3.glbimg.com/v1/AUTH_58d78b787ec34892b5aaa0c7a146155f/clubes_2025/silhuetas/CEA/FORMATO.png,0,5,0,0,0,30,36,1,5,30,0,0,0,0,0,0,0,0,0,0,9,0
124481,Mateo Ponte,Mateo Ponte Costa,mateo-ponte,BOT,263,Lateral,2,Nulo,6,6.71,0.0,3.05,0.0,16,29,False,https://s3.glbimg.com/v1/AUTH_58d78b787ec34892b5aaa0c7a146155f/clubes_2025/silhuetas/BOT/FORMATO.png,0,2,0,0,0,10,11,0,6,3,0,1,0,0,2,0,0,0,0,0,5,0
141611,Maik,Maik Gomes Viegas,maik,SAO,276,Lateral,2,Provável,7,6.44,0.09,7.57,4.5,3,29,True,https://s3.glbimg.com/v1/AUTH_58d78b787ec34892b5aaa0c7a146155f/clubes_2025/silhuetas/SAO/FORMATO.png,0,2,0,0,0,8,7,0,1,2,0,1,0,0,0,0,0,0,0,0,1,0
106082,Ewerthon,Ewerthon Diógenes da Silva,ewerthon,JUV,286,Lateral,2,Nulo,6,6.44,0.0,3.23,0.0,14,29,False,https://s3.glbimg.com/v1/AUTH_58d78b787ec34892b5aaa0c7a146155f/clubes_2025/silhuetas/JUV/FORMATO.png,0,2,0,0,0,22,8,2,6,9,0,0,0,0,1,0,0,0,0,0,1,0
97868,Iago,Iago Amaral Borduchi,iago,BAH,265,Lateral,2,Nulo,6,6.4,1.97,3.55,11.7,10,29,True,https://s3.glbimg.com/v1/AUTH_58d78b787ec34892b5aaa0c7a146155f/clubes_2025/silhuetas/BAH/FORMATO.png,0,1,0,0,0,4,4,1,2,2,0,1,0,0,1,0,0,0,0,0,4,0
110909,Guilherme Lopes,Guilherme Lopes de Almeida,guilherme-lopes,RBB,280,Lateral,2,Nulo,6,6.37,0.0,3.82,0.0,9,29,False,https://s3.glbimg.com/v1/AUTH_58d78b787ec34892b5aaa0c7a146155f/clubes_2025/silhuetas/RBB/FORMATO.png,1,2,0,0,0,10,6,0,2,3,0,1,1,0,0,0,0,0,0,0,2,0
95127,Nicolas,Nicolas Vecchiato da Silva - Vichiatto / Vechiatto,nicolas,CEA,354,Lateral,2,Nulo,6,6.33,0.0,3.48,0.0,10,29,False,https://s3.glbimg.com/v1/AUTH_58d78b787ec34892b5aaa0c7a146155f/clubes_2025/silhuetas/CEA/FORMATO.png,0,1,0,0,0,11,9,1,3,7,0,0,0,0,0,0,0,0,0,0,3,0
71701,Santiago Arias,Santiago Arias Naranjo,santiago-arias,BAH,265,Lateral,2,Nulo,6,6.32,0.0,3.14,0.0,13,29,False,https://s3.glbimg.com/v1/AUTH_58d78b787ec34892b5aaa0c7a146155f/clubes_2025/silhuetas/BAH/FORMATO.png,0,3,0,0,0,15,8,2,3,12,0,0,0,0,1,0,0,0,0,0,3,0
99213,Puma Rodríguez,José Luis Rodríguez Bebanz,puma-rodriguez,VAS,267,Lateral,2,Nulo,6,6.24,0.0,3.95,0.0,16,29,False,https://s3.glbimg.com/v1/AUTH_58d78b787ec34892b5aaa0c7a146155f/clubes_2025/silhuetas/VAS/FORMATO.png,2,0,0,0,0,11,8,2,7,4,2,1,0,0,0,0,0,0,0,0,3,0
89273,João Pedro,João Pedro Maturano dos Santos,joao-pedro,GRE,284,Lateral,2,Contundido,5,6.18,0.0,3.03,0.0,7,29,False,https://s3.glbimg.com/v1/AUTH_58d78b787ec34892b5aaa0c7a146155f/clubes_2025/silhuetas/GRE/FORMATO.png,0,0,0,0,0,10,6,3,0,1,0,0,0,0,1,0,0,0,0,0,1,0
131516,JP Chermont,João Pedro Chermont Crema,jp-chermont,SAN,277,Lateral,2,Nulo,6,6.05,0.0,4.28,0.0,5,29,False,https://s3.glbimg.com/v1/AUTH_58d78b787ec34892b5aaa0c7a146155f/clubes_2025/silhuetas/SAN/FORMATO.png,0,3,0,0,0,14,9,0,1,1,0,0,0,0,2,0,0,0,0,0,1,0
102318,Caio Paulista,Caio Fernando de Oliveira,caio-paulista,CAM,282,Lateral,2,Dúvida,2,6.05,-0.11,2.93,1.2,13,29,True,https://s3.glbimg.com/v1/AUTH_58d78b787ec34892b5aaa0c7a146155f/clubes_2025/silhuetas/CAM/FORMATO.png,0,2,0,0,0,10,8,2,4,4,0,0,0,0,1,0,0,0,0,0,4,0
111832,Jefté,Jefté Vital da Silva Dias,jefte,PAL,275,Lateral,2,Provável,7,5.92,0.0,3.05,0.0,4,29,False,https://s3.glbimg.com/v1/AUTH_58d78b787ec34892b5aaa0c7a146155f/clubes_2025/silhuetas/PAL/FORMATO.png,1,0,0,0,0,1,2,0,1,1,0,0,0,0,0,0,0,0,0,0,1,0
104271,Hereda,Diogo Hereda da Silva,hereda,SPT,292,Lateral,2,Contundido,5,5.91,0.0,4.79,0.0,11,29,False,https://s3.glbimg.com/v1/AUTH_58d78b787ec34892b5aaa0c7a146155f/clubes_2025/silhuetas/SPT/FORMATO.png,1,1,0,0,0,17,12,2,7,18,0,0,0,0,2,0,0,0,0,0,2,0
73318,Daniel Borges,Daniel Fortunato Borges,daniel-borges,MIR,2305,Lateral,2,Provável,7,5.85,0.23,4.29,7.9,12,29,True,https://s3.glbimg.com/v1/AUTH_58d78b787ec34892b5aaa0c7a146155f/clubes_2025/silhuetas/MIR/FORMATO.png,1,2,0,0,0,5,11,2,3,7,0,2,0,0,0,0,0,0,0,0,4,0
83251,Alan Benítez,Alan Max Benítez Domínguez,alan-benitez,INT,285,Lateral,2,Nulo,6,5.76,0.62,2.26,5.0,8,29,True,https://s3.glbimg.com/v1/AUTH_58d78b787ec34892b5aaa0c7a146155f/clubes_2025/silhuetas/INT/FORMATO.png,0,0,0,0,0,4,5,3,0,0,0,0,0,0,0,0,0,0,0,0,2,0
103347,Matheus Alexandre,Matheus Alexandre Anastácio de Souza,matheus-alexandre,SPT,292,Lateral,2,Nulo,6,5.73,-0.99,4.13,1.4,17,29,True,https://s3.glbimg.com/v1/AUTH_58d78b787ec34892b5aaa0c7a146155f/clubes_2025/silhuetas/SPT/FORMATO.png,1,6,0,0,0,30,21,3,4,11,0,0,0,0,0,0,0,0,1,0,4,0
107908,Hugo,Hugo Ferreira de Farias,hugo,COR,264,Lateral,2,Nulo,6,5.52,0.0,2.78,0.0,7,29,False,https://s3.glbimg.com/v1/AUTH_58d78b787ec34892b5aaa0c7a146155f/clubes_2025/silhuetas/COR/FORMATO.png,0,0,0,0,0,7,3,1,1,6,0,0,0,0,1,0,0,0,0,0,1,0
88423,Aderlan,Aderlan de Lima Silva,aderlan,SPT,292,Lateral,2,Provável,7,5.51,0.0,3.22,0.0,9,29,False,https://s3.glbimg.com/v1/AUTH_58d78b787ec34892b5aaa0c7a146155f/clubes_2025/silhuetas/SPT/FORMATO.png,0,3,0,0,0,14,10,0,2,7,0,0,0,0,2,0,0,0,0,0,2,0
98720,Angileri,Fabrizio Germán Angileri - Fabricio,angileri,COR,264,Lateral,2,Nulo,6,5.31,0.44,2.99,5.0,21,29,True,https://s3.glbimg.com/v1/AUTH_58d78b787ec34892b5aaa0c7a146155f/clubes_2025/silhuetas/COR/FORMATO.png,0,3,0,0,0,23,12,1,4,5,1,0,0,0,1,0,0,0,0,0,5,0
107236,Vanderlan,Vanderlan Barbosa da Silva,vanderlan,RBB,280,Lateral,2,Provável,7,5.27,-0.61,3.45,1.3,13,29,True,https://s3.glbimg.com/v1/AUTH_58d78b787ec34892b5aaa0c7a146155f/clubes_2025/silhuetas/RBB/FORMATO.png,1,1,0,0,0,23,22,1,3,9,0,0,0,0,1,0,0,0,0,0,1,0
96725,Saravia,Renzo Saravia,saravia,CAM,282,Lateral,2,Dúvida,2,5.22,-0.78,2.83,-1.6,10,29,True,https://s3.glbimg.com/v1/AUTH_58d78b787ec34892b5aaa0c7a146155f/clubes_2025/silhuetas/CAM/FORMATO.png,0,2,0,0,0,7,13,0,2,4,0,0,0,0,0,0,0,0,0,0,4,0
106829,Patryck,Patryck Lanza dos Reis,patryck,SAO,276,Lateral,2,Nulo,6,5.13,0.0,2.7,0.0,4,29,False,https://s3.glbimg.com/v1/AUTH_58d78b787ec34892b5aaa0c7a146155f/clubes_2025/silhuetas/SAO/FORMATO.png,0,1,0,0,0,1,3,1,5,2,0,0,0,0,0,0,0,0,0,0,1,0
105213,Sant'Anna,Ariel Agustín Sant'Anna Quintero,sant-anna,RBB,280,Lateral,2,Nulo,6,5.06,0.0,2.4,0.0,9,29,False,https://s3.glbimg.com/v1/AUTH_58d78b787ec34892b5aaa0c7a146155f/clubes_2025/silhuetas/RBB/FORMATO.png,0,3,0,0,0,8,8,1,6,2,1,0,0,0,1,0,0,0,0,0,1,0
124077,Enzo,Enzo Henrique dos Santos,enzo,GRE,284,Lateral,2,Nulo,6,5.0,0.0,0.0,0.0,0,29,False,https://s3.glbimg.com/v1/AUTH_58d78b787ec34892b5aaa0c7a146155f/clubes_2025/silhuetas/GRE/FORMATO.png,0,0,0,0,0,0,0,0,0,0,0,0,0,0,0,0,0,0,0,0,0,0
93236,Rafael Ramos,Rafael António Figueiredo Ramos,rafael-ramos,CEA,354,Lateral,2,Nulo,6,4.98,0.01,3.52,1.0,16,29,True,https://s3.glbimg.com/v1/AUTH_58d78b787ec34892b5aaa0c7a146155f/clubes_2025/silhuetas/CEA/FORMATO.png,0,2,0,0,0,21,18,1,5,4,0,0,0,0,0,0,0,0,0,0,5,0
113157,Nathan Mendes,Nathan Gabriel de Souza Mendes,nathan-mendes,RBB,280,Lateral,2,Nulo,6,4.96,0.0,2.38,0.0,15,29,False,https://s3.glbimg.com/v1/AUTH_58d78b787ec34892b5aaa0c7a146155f/clubes_2025/silhuetas/RBB/FORMATO.png,1,3,0,0,0,11,8,0,1,16,0,0,0,0,1,0,0,0,1,0,2,0
130319,Maykon,Maykon Kesley de Jesus Ramalho,maykon,VIT,287,Lateral,2,Nulo,6,4.92,0.0,3.66,0.0,8,29,False,https://s3.glbimg.com/v1/AUTH_58d78b787ec34892b5aaa0c7a146155f/clubes_2025/silhuetas/VIT/FORMATO.png,0,1,0,0,0,9,16,1,3,6,0,0,0,0,0,0,0,0,0,0,3,0
63110,Alan Ruschel,Alan Luciano Ruschel,alan-ruschel,JUV,286,Lateral,2,Nulo,6,4.86,0.0,2.19,0.0,14,29,False,https://s3.glbimg.com/v1/AUTH_58d78b787ec34892b5aaa0c7a146155f/clubes_2025/silhuetas/JUV/FORMATO.png,0,2,1,0,0,13,12,0,0,20,0,0,0,0,3,0,0,0,0,0,2,0
86820,Reginaldo,Reginaldo Lopes de Jesus,reginaldo,JUV,286,Lateral,2,Nulo,6,4.79,0.0,3.1,0.0,15,29,False,https://s3.glbimg.com/v1/AUTH_58d78b787ec34892b5aaa0c7a146155f/clubes_2025/silhuetas/JUV/FORMATO.png,2,1,0,0,0,11,6,1,2,10,0,0,0,0,1,0,0,0,0,0,3,0
101708,Felipe Jonatan,Felipe Jonatan Rocha Andrade,felipe-jonatan,MIR,2305,Lateral,2,Nulo,6,4.68,0.0,-0.3,0.0,2,29,False,https://s3.glbimg.com/v1/AUTH_58d78b787ec34892b5aaa0c7a146155f/clubes_2025/silhuetas/MIR/FORMATO.png,0,0,0,0,0,0,2,0,0,0,0,0,0,0,0,0,0,0,0,0,0,0
145510,Paulo Roberto,Paulo Roberto dos Santos Almeida,paulo-roberto,VIT,287,Lateral,2,Provável,7,4.67,0.0,9.8,0.0,1,29,False,https://s3.glbimg.com/v1/AUTH_58d78b787ec34892b5aaa0c7a146155f/clubes_2025/silhuetas/VIT/FORMATO.png,0,0,0,0,0,4,4,0,0,0,0,0,0,0,0,0,0,0,0,0,1,0
123717,Zé Guilherme,José Guilherme de Lima Costa,ze-guilherme,BAH,265,Lateral,2,Nulo,6,4.67,0.0,3.67,0.0,3,29,False,https://s3.glbimg.com/v1/AUTH_58d78b787ec34892b5aaa0c7a146155f/clubes_2025/silhuetas/BAH/FORMATO.png,0,0,0,0,0,1,1,0,1,2,1,0,0,0,0,0,0,0,0,0,1,0
139345,Kauã Prates,Kauã Prates de Almeida,kaua-prates,CRU,283,Lateral,2,Nulo,6,4.6,1.17,3.84,6.5,5,29,True,https://s3.glbimg.com/v1/AUTH_58d78b787ec34892b5aaa0c7a146155f/clubes_2025/silhuetas/CRU/FORMATO.png,0,1,0,0,0,4,4,0,0,1,0,0,0,0,1,0,0,0,0,0,3,0
71680,Raúl Cáceres,Raúl Alejandro Cáceres Bogado,raul-caceres,VIT,287,Lateral,2,Suspenso,3,4.54,-0.15,3.25,6.6,15,29,True,https://s3.glbimg.com/v1/AUTH_58d78b787ec34892b5aaa0c7a146155f/clubes_2025/silhuetas/VIT/FORMATO.png,1,6,0,0,0,8,20,5,2,3,0,2,0,0,3,0,0,0,0,0,4,0
104257,João Lucas,João Lucas de Almeida Carvalho,joao-lucas,GRE,284,Lateral,2,Dúvida,2,4.53,-0.67,1.82,0.0,4,29,True,https://s3.glbimg.com/v1/AUTH_58d78b787ec34892b5aaa0c7a146155f/clubes_2025/silhuetas/GRE/FORMATO.png,0,1,0,0,0,6,4,0,0,1,0,0,0,0,0,0,0,0,0,0,0,0
97898,Maílton,Maílton dos Santos de Sá,mailton,SAO,276,Lateral,2,Nulo,6,4.46,-0.93,2.24,-0.3,5,29,True,https://s3.glbimg.com/v1/AUTH_58d78b787ec34892b5aaa0c7a146155f/clubes_2025/silhuetas/SAO/FORMATO.png,0,1,0,0,0,3,7,0,1,8,0,0,0,0,0,0,0,0,0,0,1,0
101752,Claudinho,Claudio Coelho Salvático,claudinho,VIT,287,Lateral,2,Nulo,6,4.35,0.0,2.08,0.0,15,29,False,https://s3.glbimg.com/v1/AUTH_58d78b787ec34892b5aaa0c7a146155f/clubes_2025/silhuetas/VIT/FORMATO.png,0,5,0,0,0,11,10,1,3,8,0,0,0,0,0,0,0,0,0,0,3,0
86410,Victor Luis,Victor Luis Chuab Zamblauskas,victor-luis,VAS,267,Lateral,2,Nulo,6,4.18,0.0,1.68,0.0,4,29,False,https://s3.glbimg.com/v1/AUTH_58d78b787ec34892b5aaa0c7a146155f/clubes_2025/silhuetas/VAS/FORMATO.png,0,0,0,0,0,0,0,1,0,1,0,0,0,0,0,0,0,0,0,0,1,0
115594,Marcos Paulo,Marcos Paulo Lima Batista Silva,marcos-paulo,JUV,286,Lateral,2,Nulo,6,4.03,0.9,2.21,5.8,12,29,True,https://s3.glbimg.com/v1/AUTH_58d78b787ec34892b5aaa0c7a146155f/clubes_2025/silhuetas/JUV/FORMATO.png,0,5,0,0,0,14,15,2,2,4,0,0,0,0,0,0,0,0,0,0,2,0
141151,Felipinho,Felipe Gabriel dos Santos Silva,felipinho,SPT,292,Lateral,2,Nulo,6,3.0,0.0,0.0,0.0,0,29,False,https://s3.glbimg.com/v1/AUTH_58d78b787ec34892b5aaa0c7a146155f/clubes_2025/silhuetas/SPT/FORMATO.png,0,0,0,0,0,0,0,0,0,0,0,0,0,0,0,0,0,0,0,0,0,0
141868,Vinicius Lira,Vinicius Rodrigues Lira,vinicius-lira,SAN,277,Lateral,2,Nulo,6,3.0,0.0,0.0,0.0,0,29,False,https://s3.glbimg.com/v1/AUTH_58d78b787ec34892b5aaa0c7a146155f/clubes_2025/silhuetas/SAN/FORMATO.png,0,0,0,0,0,0,0,0,0,0,0,0,0,0,0,0,0,0,0,0,0,0
145400,Cauê,Cauê Nascimento Santos,caue,RBB,280,Lateral,2,Nulo,6,2.92,0.0,3.25,0.0,2,29,False,https://s3.glbimg.com/v1/AUTH_58d78b787ec34892b5aaa0c7a146155f/clubes_2025/silhuetas/RBB/FORMATO.png,1,0,0,0,0,1,0,0,0,0,0,0,0,0,0,0,0,0,0,0,0,0
109426,Weverson,Weverson Moreira da Costa,weverson,FOR,356,Lateral,2,Nulo,6,2.29,0.0,0.43,0.0,3,29,False,https://s3.glbimg.com/v1/AUTH_58d78b787ec34892b5aaa0c7a146155f/clubes_2025/silhuetas/FOR/FORMATO.png,0,0,0,0,0,1,5,0,1,1,0,0,0,0,0,0,0,0,0,0,0,0
118701,Kevyson,Kevyson Costa e Silva,kevyson,SPT,292,Lateral,2,Nulo,6,2.1,0.0,1.12,0.0,8,29,False,https://s3.glbimg.com/v1/AUTH_58d78b787ec34892b5aaa0c7a146155f/clubes_2025/silhuetas/SPT/FORMATO.png,0,2,0,0,0,4,6,0,1,2,0,0,0,0,0,0,0,0,0,0,1,0
145602,Samuel Barreto,Samuel Barreto dos Santos,samuel-barreto,CEA,354,Lateral,2,Nulo,6,2.0,0.0,0.0,0.0,0,29,False,https://s3.glbimg.com/v1/AUTH_58d78b787ec34892b5aaa0c7a146155f/clubes_2025/silhuetas/CEA/FORMATO.png,0,0,0,0,0,0,0,0,0,0,0,0,0,0,0,0,0,0,0,0,0,0
121766,Paulo Ricardo,Paulo Ricardo de Souza Babilônia,paulo-ricardo,VAS,267,Lateral,2,Contundido,5,2.0,0.0,0.0,0.0,0,29,False,https://s3.glbimg.com/v1/AUTH_58d78b787ec34892b5aaa0c7a146155f/clubes_2025/silhuetas/VAS/FORMATO.png,0,0,0,0,0,0,0,0,0,0,0,0,0,0,0,0,0,0,0,0,0,0
122320,Daniel Sales,Daniel dos Santos Sales,daniel-sales,FLA,262,Lateral,2,Nulo,6,2.0,0.0,0.0,0.0,0,29,False,https://s3.glbimg.com/v1/AUTH_58d78b787ec34892b5aaa0c7a146155f/clubes_2025/silhuetas/FLA/FORMATO.png,0,0,0,0,0,0,0,0,0,0,0,0,0,0,0,0,0,0,0,0,0,0
122300,Ryan,Ryan Carlos Santos de Sousa,ryan,BAH,265,Lateral,2,Nulo,6,2.0,0.0,0.0,0.0,0,29,False,https://s3.glbimg.com/v1/AUTH_58d78b787ec34892b5aaa0c7a146155f/clubes_2025/silhuetas/BAH/FORMATO.png,0,0,0,0,0,0,0,0,0,0,0,0,0,0,0,0,0,0,0,0,0,0
130190,Carbone,João Victor Schlickmann Carbone,carbone,FLA,262,Lateral,2,Nulo,6,2.0,0.0,0.0,0.0,0,29,False,https://s3.glbimg.com/v1/AUTH_58d78b787ec34892b5aaa0c7a146155f/clubes_2025/silhuetas/FLA/FORMATO.png,0,0,0,0,0,0,0,0,0,0,0,0,0,0,0,0,0,0,0,0,0,0
130254,Leandrinho,Leandro Viana da Silva Gama,leandrinho,VAS,267,Lateral,2,Nulo,6,2.0,0.0,0.0,0.0,0,29,False,https://s3.glbimg.com/v1/AUTH_58d78b787ec34892b5aaa0c7a146155f/clubes_2025/silhuetas/VAS/FORMATO.png,0,0,0,0,0,0,0,0,0,0,0,0,0,0,0,0,0,0,0,0,0,0
145750,Victor Hugo,Victor Hugo Viana da Silva,victor-hugo,SPT,292,Lateral,2,Nulo,6,1.71,0.0,2.1,0.0,1,29,False,https://s3.glbimg.com/v1/AUTH_58d78b787ec34892b5aaa0c7a146155f/clubes_2025/silhuetas/SPT/FORMATO.png,0,0,0,0,0,1,2,1,0,0,0,0,0,0,0,0,0,0,0,0,0,0
141039,Kaio Borges,Kaio Borges Correa,kaio-borges,FLU,266,Lateral,2,Nulo,6,1.0,0.0,0.0,0.0,0,29,False,https://s3.glbimg.com/v1/AUTH_58d78b787ec34892b5aaa0c7a146155f/clubes_2025/silhuetas/FLU/FORMATO.png,0,0,0,0,0,0,0,0,0,0,0,0,0,0,0,0,0,0,0,0,0,0
141405,Avellar,Riquelme Avellar da Silva Fortes,avellar,VAS,267,Lateral,2,Nulo,6,1.0,0.0,0.0,0.0,0,29,False,https://s3.glbimg.com/v1/AUTH_58d78b787ec34892b5aaa0c7a146155f/clubes_2025/silhuetas/VAS/FORMATO.png,0,0,0,0,0,0,0,0,0,0,0,0,0,0,0,0,0,0,0,0,0,0
141467,Pablo,Pablo Pereira da Costa,pablo,INT,285,Lateral,2,Nulo,6,1.0,0.0,0.0,0.0,0,29,False,https://s3.glbimg.com/v1/AUTH_58d78b787ec34892b5aaa0c7a146155f/clubes_2025/silhuetas/INT/FORMATO.png,0,0,0,0,0,0,0,0,0,0,0,0,0,0,0,0,0,0,0,0,0,0
141873,Jacaré,João Vitor Barros Silva,jacare,COR,264,Lateral,2,Nulo,6,1.0,0.0,0.0,0.0,0,29,False,https://s3.glbimg.com/v1/AUTH_58d78b787ec34892b5aaa0c7a146155f/clubes_2025/silhuetas/COR/FORMATO.png,0,0,0,0,0,0,0,0,0,0,0,0,0,0,0,0,0,0,0,0,0,0
143452,Gabriel Caipira,Gabriel Henrique Soares da Silva,gabriel-caipira,COR,264,Lateral,2,Nulo,6,1.0,0.0,0.0,0.0,0,29,False,https://s3.glbimg.com/v1/AUTH_58d78b787ec34892b5aaa0c7a146155f/clubes_2025/silhuetas/COR/FORMATO.png,0,0,0,0,0,0,0,0,0,0,0,0,0,0,0,0,0,0,0,0,0,0
143377,Léo Jance,Leonardo de Oliveira Jance,leo-jance,FLU,266,Lateral,2,Nulo,6,1.0,0.0,0.0,0.0,0,29,False,https://s3.glbimg.com/v1/AUTH_58d78b787ec34892b5aaa0c7a146155f/clubes_2025/silhuetas/FLU/FORMATO.png,0,0,0,0,0,0,0,0,0,0,0,0,0,0,0,0,0,0,0,0,0,0
143072,Gabriel Abdias,Gabriel da Silva Abdias,gabriel-abdias,BOT,263,Lateral,2,Nulo,6,1.0,0.0,0.0,0.0,0,29,False,https://s3.glbimg.com/v1/AUTH_58d78b787ec34892b5aaa0c7a146155f/clubes_2025/silhuetas/BOT/FORMATO.png,0,0,0,0,0,0,0,0,0,0,0,0,0,0,0,0,0,0,0,0,0,0
143460,Vagno,Vagno de Sousa Brito Júnior,vagno,FLU,266,Lateral,2,Nulo,6,1.0,0.0,0.0,0.0,0,29,False,https://s3.glbimg.com/v1/AUTH_58d78b787ec34892b5aaa0c7a146155f/clubes_2025/silhuetas/FLU/FORMATO.png,0,0,0,0,0,0,0,0,0,0,0,0,0,0,0,0,0,0,0,0,0,0
144015,Kaique Pereira,Kaique da Silva Júlio Pereira,kaique-pereira,BOT,263,Lateral,2,Nulo,6,1.0,0.0,0.0,0.0,0,29,False,https://s3.glbimg.com/v1/AUTH_58d78b787ec34892b5aaa0c7a146155f/clubes_2025/silhuetas/BOT/FORMATO.png,0,0,0,0,0,0,0,0,0,0,0,0,0,0,0,0,0,0,0,0,0,0
145396,Breno Vereza,Breno Vereza da Silva,breno-vereza,VAS,267,Lateral,2,Nulo,6,1.0,0.0,0.0,0.0,0,29,False,https://s3.glbimg.com/v1/AUTH_58d78b787ec34892b5aaa0c7a146155f/clubes_2025/silhuetas/VAS/FORMATO.png,0,0,0,0,0,0,0,0,0,0,0,0,0,0,0,0,0,0,0,0,0,0
145412,Cauã Berrío,Cauã Alves de Mattos,caua-berrio,SPT,292,Lateral,2,Nulo,6,1.0,0.0,0.0,0.0,0,29,False,https://s3.glbimg.com/v1/AUTH_58d78b787ec34892b5aaa0c7a146155f/clubes_2025/silhuetas/SPT/FORMATO.png,0,0,0,0,0,0,0,0,0,0,0,0,0,0,0,0,0,0,0,0,0,0
145404,Arthur,Arthur Gabriel Santana Marcolino,arthur,PAL,275,Lateral,2,Nulo,6,1.0,0.0,0.0,0.0,0,29,False,https://s3.glbimg.com/v1/AUTH_58d78b787ec34892b5aaa0c7a146155f/clubes_2025/silhuetas/PAL/FORMATO.png,0,0,0,0,0,0,0,0,0,0,0,0,0,0,0,0,0,0,0,0,0,0
145660,Luiz Felipe,Luiz Felipe de Morais Francisco,luiz-felipe,INT,285,Lateral,2,Nulo,6,1.0,0.0,0.0,0.0,0,29,False,https://s3.glbimg.com/v1/AUTH_58d78b787ec34892b5aaa0c7a146155f/clubes_2025/silhuetas/INT/FORMATO.png,0,0,0,0,0,0,0,0,0,0,0,0,0,0,0,0,0,0,0,0,0,0
145659,Nicolas,Nicolas Bosshardt,nicolas,SAO,276,Lateral,2,Nulo,6,1.0,0.0,0.0,0.0,0,29,False,https://s3.glbimg.com/v1/AUTH_58d78b787ec34892b5aaa0c7a146155f/clubes_2025/silhuetas/SAO/FORMATO.png,0,0,0,0,0,0,0,0,0,0,0,0,0,0,0,0,0,0,0,0,0,0
146374,Gilberto,Gilberto Junior Leite dos Santos,gilberto,PAL,275,Lateral,2,Nulo,6,1.0,0.0,0.0,0.0,0,29,False,https://s3.glbimg.com/v1/AUTH_58d78b787ec34892b5aaa0c7a146155f/clubes_2025/silhuetas/PAL/FORMATO.png,0,0,0,0,0,0,0,0,0,0,0,0,0,0,0,0,0,0,0,0,0,0
146632,Alisson,Alisson Rodrigues de Melo,alisson,INT,285,Lateral,2,Suspenso,3,1.0,0.0,0.0,0.0,0,29,False,https://s3.glbimg.com/v1/AUTH_58d78b787ec34892b5aaa0c7a146155f/clubes_2025/silhuetas/INT/FORMATO.png,0,0,0,0,0,0,0,0,0,0,0,0,0,0,0,0,0,0,0,0,0,0
122458,Vinícius Lago,Vinicius dos Santos Lago,vinicius-lago,RBB,280,Lateral,2,Nulo,6,1.0,0.0,0.0,0.0,0,29,False,https://s3.glbimg.com/v1/AUTH_58d78b787ec34892b5aaa0c7a146155f/clubes_2025/silhuetas/RBB/FORMATO.png,0,0,0,0,0,0,0,0,0,0,0,0,0,0,0,0,0,0,0,0,0,0
122538,Yan Henrique,Yan Henrique Rodrigues da Silva,yan-henrique,INT,285,Lateral,2,Nulo,6,1.0,0.0,0.0,0.0,0,29,False,https://s3.glbimg.com/v1/AUTH_58d78b787ec34892b5aaa0c7a146155f/clubes_2025/silhuetas/INT/FORMATO.png,0,0,0,0,0,0,0,0,0,0,0,0,0,0,0,0,0,0,0,0,0,0
69783,Danilo,Danilo Luiz da Silva,danilo,FLA,262,Zagueiro,3,Provável,7,11.32,0.41,3.71,1.2,12,29,True,https://s3.glbimg.com/v1/AUTH_58d78b787ec34892b5aaa0c7a146155f/clubes_2025/silhuetas/FLA/FORMATO.png,0,1,1,0,0,7,13,1,1,4,0,1,0,0,0,0,0,0,0,0,6,0
98280,Bastos,Bartolomeu Jacinto Quissanga,bastos,BOT,263,Zagueiro,3,Contundido,5,11.0,0.0,0.0,0.0,0,29,False,https://s3.glbimg.com/v1/AUTH_58d78b787ec34892b5aaa0c7a146155f/clubes_2025/silhuetas/BOT/FORMATO.png,0,0,0,0,0,0,0,0,0,0,0,0,0,0,0,0,0,0,0,0,0,0
97095,Carlos Cuesta,Carlos Eccehomo Cuesta Figueroa,carlos-cuesta,VAS,267,Zagueiro,3,Provável,7,10.68,-0.48,6.48,5.9,5,29,True,https://s3.glbimg.com/v1/AUTH_58d78b787ec34892b5aaa0c7a146155f/clubes_2025/silhuetas/VAS/FORMATO.png,0,1,0,0,0,7,6,1,0,1,0,1,0,0,0,0,0,0,0,0,3,0
71684,Gustavo Gómez,Gustavo Raúl Gómez Portillo,gustavo-gomez,PAL,275,Zagueiro,3,Provável,7,10.28,1.45,5.03,11.0,21,29,True,https://s3.glbimg.com/v1/AUTH_58d78b787ec34892b5aaa0c7a146155f/clubes_2025/silhuetas/PAL/FORMATO.png,1,7,0,0,0,31,25,2,7,11,0,2,0,0,8,0,0,0,0,0,8,0
99274,Alexander Barboza,Alexander Nahuel Barboza Ullúa,alexander-barboza,BOT,263,Zagueiro,3,Provável,7,9.91,0.0,4.86,0.0,16,29,False,https://s3.glbimg.com/v1/AUTH_58d78b787ec34892b5aaa0c7a146155f/clubes_2025/silhuetas/BOT/FORMATO.png,0,10,0,0,0,35,31,4,5,2,0,0,0,0,1,0,0,0,0,0,7,0
63008,Rafael Tolói,Rafael Toloi,rafael-toloi,SAO,276,Zagueiro,3,Nulo,6,9.37,0.0,5.63,0.0,3,29,False,https://s3.glbimg.com/v1/AUTH_58d78b787ec34892b5aaa0c7a146155f/clubes_2025/silhuetas/SAO/FORMATO.png,0,0,0,0,0,8,2,0,0,1,0,0,0,0,0,0,0,0,0,0,1,0
111466,Victor Gabriel,Victor Gabriel da Conceição Ribeiro,victor-gabriel,INT,285,Zagueiro,3,Provável,7,9.15,0.0,5.1,0.0,12,29,False,https://s3.glbimg.com/v1/AUTH_58d78b787ec34892b5aaa0c7a146155f/clubes_2025/silhuetas/INT/FORMATO.png,0,1,0,0,0,21,17,1,2,4,0,2,0,0,0,0,0,0,0,0,3,0
83528,Léo Pereira,Leonardo Pereira,leo-pereira,FLA,262,Zagueiro,3,Provável,7,9.05,-0.58,5.06,1.5,25,29,True,https://s3.glbimg.com/v1/AUTH_58d78b787ec34892b5aaa0c7a146155f/clubes_2025/silhuetas/FLA/FORMATO.png,0,4,0,0,0,18,19,3,7,10,1,3,0,0,0,0,0,0,0,0,14,0
87887,Balbuena,Fabián Cornelio Balbuena González,balbuena,GRE,284,Zagueiro,3,Contundido,5,8.94,0.0,6.33,0.0,3,29,False,https://s3.glbimg.com/v1/AUTH_58d78b787ec34892b5aaa0c7a146155f/clubes_2025/silhuetas/GRE/FORMATO.png,0,0,0,0,0,3,0,0,0,3,0,1,0,0,0,0,0,0,0,0,1,0
92087,Lyanco,Lyanco Evangelista Silveira Neves Vojnovic,lyanco,CAM,282,Zagueiro,3,Contundido,5,8.87,0.0,5.08,0.0,15,29,False,https://s3.glbimg.com/v1/AUTH_58d78b787ec34892b5aaa0c7a146155f/clubes_2025/silhuetas/CAM/FORMATO.png,0,5,2,0,0,32,25,3,6,19,0,0,0,0,2,0,0,0,0,0,6,0
105300,Ferraresi,Nahuel Adolfo Ferraresi Hernández,ferraresi,SAO,276,Zagueiro,3,Suspenso,3,8.85,-0.16,6.53,2.3,18,29,True,https://s3.glbimg.com/v1/AUTH_58d78b787ec34892b5aaa0c7a146155f/clubes_2025/silhuetas/SAO/FORMATO.png,3,3,0,0,0,53,25,0,2,20,0,0,1,0,1,0,0,0,0,0,5,0
90768,Fabrício Bruno,Fabrício Bruno Soares de Faria,fabricio-bruno,CRU,283,Zagueiro,3,Provável,7,8.79,0.0,4.67,6.3,26,29,True,https://s3.glbimg.com/v1/AUTH_58d78b787ec34892b5aaa0c7a146155f/clubes_2025/silhuetas/CRU/FORMATO.png,0,6,0,0,0,27,16,2,6,17,0,2,0,0,0,0,0,0,0,0,12,0
91573,Arboleda,Robert Abel Arboleda Escobar,arboleda,SAO,276,Zagueiro,3,Provável,7,8.7,-0.36,5.31,2.0,18,29,True,https://s3.glbimg.com/v1/AUTH_58d78b787ec34892b5aaa0c7a146155f/clubes_2025/silhuetas/SAO/FORMATO.png,0,4,0,0,0,30,15,0,7,9,0,3,0,0,3,0,0,0,0,0,5,0
91158,Kaio,Kaio Fernando da Silva Pantaleão,kaio,BOT,263,Zagueiro,3,Contundido,5,8.62,0.0,4.88,0.0,9,29,False,https://s3.glbimg.com/v1/AUTH_58d78b787ec34892b5aaa0c7a146155f/clubes_2025/silhuetas/BOT/FORMATO.png,0,0,0,0,0,10,8,2,5,10,0,0,0,0,1,0,0,0,0,0,4,0
105258,Gastón Ávila,Gastón Luciano Ávila,gaston-avila,FOR,356,Zagueiro,3,Provável,7,8.61,0.0,4.38,0.0,16,29,False,https://s3.glbimg.com/v1/AUTH_58d78b787ec34892b5aaa0c7a146155f/clubes_2025/silhuetas/FOR/FORMATO.png,0,3,0,0,0,33,13,4,4,11,0,0,0,0,1,0,0,0,0,0,3,0
106593,Villalba,Lucas Hernán Villalba,villalba,CRU,283,Zagueiro,3,Provável,7,8.22,0.66,5.09,5.2,25,29,True,https://s3.glbimg.com/v1/AUTH_58d78b787ec34892b5aaa0c7a146155f/clubes_2025/silhuetas/CRU/FORMATO.png,0,8,0,0,0,29,19,3,5,16,3,1,0,0,0,0,0,0,0,0,13,0
111309,Gustavo Martins,Gustavo Martins de Souza Santos,gustavo-martins,GRE,284,Zagueiro,3,Dúvida,2,8.2,-0.43,4.37,2.8,12,29,True,https://s3.glbimg.com/v1/AUTH_58d78b787ec34892b5aaa0c7a146155f/clubes_2025/silhuetas/GRE/FORMATO.png,0,2,0,0,0,18,15,5,3,1,0,1,0,0,1,0,0,0,0,0,3,0
106434,Eduardo Santos,Eduardo Gonzaga Mendes Santos,eduardo-santos,RBB,280,Zagueiro,3,Contundido,5,8.19,0.0,5.1,0.0,7,29,False,https://s3.glbimg.com/v1/AUTH_58d78b787ec34892b5aaa0c7a146155f/clubes_2025/silhuetas/RBB/FORMATO.png,0,0,0,0,0,10,1,0,0,2,0,0,0,0,0,0,0,0,0,0,4,0
37715,Thiago Silva,Thiago Emiliano da Silva,thiago-silva,FLU,266,Zagueiro,3,Provável,7,8.1,-1.94,3.65,0.0,17,29,True,https://s3.glbimg.com/v1/AUTH_58d78b787ec34892b5aaa0c7a146155f/clubes_2025/silhuetas/FLU/FORMATO.png,0,1,0,0,0,6,8,3,5,6,1,1,0,0,0,0,0,0,0,0,7,0
72605,Vitor Hugo,Vitor Hugo Franchescoli de Souza,vitor-hugo,CAM,282,Zagueiro,3,Provável,7,7.87,-0.12,5.2,2.4,12,29,True,https://s3.glbimg.com/v1/AUTH_58d78b787ec34892b5aaa0c7a146155f/clubes_2025/silhuetas/CAM/FORMATO.png,0,2,0,0,0,18,5,0,3,1,1,1,0,0,1,0,0,0,0,0,5,0
97653,Murilo,Murilo Cerqueira Paim,murilo,PAL,275,Zagueiro,3,Dúvida,2,7.8,0.0,3.55,0.0,12,29,False,https://s3.glbimg.com/v1/AUTH_58d78b787ec34892b5aaa0c7a146155f/clubes_2025/silhuetas/PAL/FORMATO.png,0,5,0,0,0,13,16,1,4,3,0,1,0,0,0,0,0,0,0,0,4,0
93372,João Basso,João Othávio Basso,joao-basso,SAN,277,Zagueiro,3,Nulo,6,7.74,0.0,4.42,0.0,6,29,False,https://s3.glbimg.com/v1/AUTH_58d78b787ec34892b5aaa0c7a146155f/clubes_2025/silhuetas/SAN/FORMATO.png,0,2,0,0,0,7,10,0,0,6,0,1,0,0,0,0,0,0,0,0,2,0
104085,Bruno Fuchs,Bruno de Lara Fuchs,bruno-fuchs,PAL,275,Zagueiro,3,Dúvida,2,7.46,-0.54,4.49,3.4,17,29,True,https://s3.glbimg.com/v1/AUTH_58d78b787ec34892b5aaa0c7a146155f/clubes_2025/silhuetas/PAL/FORMATO.png,0,4,0,0,0,24,12,0,2,11,0,1,0,0,0,0,0,0,0,0,7,0
78248,Gustavo Henrique,Gustavo Henrique Vernes,gustavo-henrique,COR,264,Zagueiro,3,Provável,7,7.35,0.0,3.71,0.0,15,29,False,https://s3.glbimg.com/v1/AUTH_58d78b787ec34892b5aaa0c7a146155f/clubes_2025/silhuetas/COR/FORMATO.png,0,3,0,0,0,16,12,5,4,6,1,1,0,0,0,0,0,0,0,0,3,0
97900,Vitão,Vitor Eduardo da Silva Matos,vitao,INT,285,Zagueiro,3,Contundido,5,7.28,0.3,2.93,5.0,22,29,True,https://s3.glbimg.com/v1/AUTH_58d78b787ec34892b5aaa0c7a146155f/clubes_2025/silhuetas/INT/FORMATO.png,1,4,0,0,0,20,15,3,4,2,1,0,1,0,0,0,0,0,0,0,6,0
117330,Robert Renan,Robert Renan Alves Barbosa,robert-renan,VAS,267,Zagueiro,3,Provável,7,7.21,0.6,3.5,8.0,7,29,True,https://s3.glbimg.com/v1/AUTH_58d78b787ec34892b5aaa0c7a146155f/clubes_2025/silhuetas/VAS/FORMATO.png,0,1,0,0,0,7,7,0,2,1,0,0,0,0,0,0,0,0,0,0,3,0
87225,Pedro Henrique,Pedro Henrique Ribeiro Gonçalves,pedro-henrique,RBB,280,Zagueiro,3,Dúvida,2,7.17,0.08,3.49,0.8,26,29,True,https://s3.glbimg.com/v1/AUTH_58d78b787ec34892b5aaa0c7a146155f/clubes_2025/silhuetas/RBB/FORMATO.png,1,4,0,0,0,24,18,2,8,19,1,1,0,0,0,0,0,0,0,0,6,0
97867,Léo Ortiz,Leonardo Rech Ortiz,leo-ortiz,FLA,262,Zagueiro,3,Nulo,6,7.09,-0.52,4.77,1.5,26,29,True,https://s3.glbimg.com/v1/AUTH_58d78b787ec34892b5aaa0c7a146155f/clubes_2025/silhuetas/FLA/FORMATO.png,2,4,0,0,0,20,19,4,9,5,2,1,0,0,1,0,0,0,0,0,13,0
104994,Wagner Leonardo,Wagner Leonardo Calvelo de Souza,wagner-leonardo,GRE,284,Zagueiro,3,Nulo,6,7.06,0.0,2.9,0.0,23,29,False,https://s3.glbimg.com/v1/AUTH_58d78b787ec34892b5aaa0c7a146155f/clubes_2025/silhuetas/GRE/FORMATO.png,1,2,0,0,0,23,15,5,1,5,0,0,0,0,1,0,0,0,0,0,5,0
78855,Thiago Santos,Thiago dos Santos,thiago-santos,FLU,266,Zagueiro,3,Nulo,6,6.98,0.0,4.35,0.0,7,29,False,https://s3.glbimg.com/v1/AUTH_58d78b787ec34892b5aaa0c7a146155f/clubes_2025/silhuetas/FLU/FORMATO.png,0,2,0,0,0,5,8,0,1,3,0,0,0,0,0,0,0,0,0,0,5,0
91772,David Duarte,David de Duarte Macedo,david-duarte,BAH,265,Zagueiro,3,Nulo,6,6.96,1.83,3.6,14.2,20,29,True,https://s3.glbimg.com/v1/AUTH_58d78b787ec34892b5aaa0c7a146155f/clubes_2025/silhuetas/BAH/FORMATO.png,0,3,0,0,0,9,15,3,7,8,0,1,0,0,1,0,0,0,0,0,9,0
102340,Cacá,Carlos de Menezes Júnior,caca,COR,264,Zagueiro,3,Nulo,6,6.82,0.61,3.75,6.4,17,29,True,https://s3.glbimg.com/v1/AUTH_58d78b787ec34892b5aaa0c7a146155f/clubes_2025/silhuetas/COR/FORMATO.png,0,4,0,0,0,15,17,2,2,15,0,2,0,0,0,0,0,0,0,0,5,0
70666,Marllon,Marllon Gonçalves Jerônimo Borges,marllon,CEA,354,Zagueiro,3,Provável,7,6.75,-0.17,3.51,1.3,19,29,True,https://s3.glbimg.com/v1/AUTH_58d78b787ec34892b5aaa0c7a146155f/clubes_2025/silhuetas/CEA/FORMATO.png,0,2,0,0,0,13,12,0,3,9,0,2,0,0,0,0,0,0,0,0,6,0
97642,Félix Torres,Félix Eduardo Torres Caicedo,felix-torres,COR,264,Zagueiro,3,Dúvida,2,6.74,0.0,3.72,0.0,9,29,False,https://s3.glbimg.com/v1/AUTH_58d78b787ec34892b5aaa0c7a146155f/clubes_2025/silhuetas/COR/FORMATO.png,0,1,0,0,0,14,12,0,2,1,0,0,0,0,0,0,0,0,0,0,3,0
105114,Alexis Duarte,Alexis David Duarte Pereira,alexis-duarte,SAN,277,Zagueiro,3,Nulo,6,6.71,0.0,3.0,0.0,3,29,False,https://s3.glbimg.com/v1/AUTH_58d78b787ec34892b5aaa0c7a146155f/clubes_2025/silhuetas/SAN/FORMATO.png,0,0,0,0,0,5,4,1,0,3,0,0,0,0,0,0,0,0,0,0,0,0
100842,Ruan,Ruan Tressoldi Netto,ruan,CAM,282,Zagueiro,3,Nulo,6,6.67,-0.74,3.93,3.4,6,29,True,https://s3.glbimg.com/v1/AUTH_58d78b787ec34892b5aaa0c7a146155f/clubes_2025/silhuetas/CAM/FORMATO.png,0,1,0,0,0,8,8,0,0,4,0,1,0,0,0,0,0,0,0,0,1,0
103523,Ignácio,Ignácio da Silva Oliveira,ignacio,FLU,266,Zagueiro,3,Provável,7,6.66,0.0,3.82,0.0,13,29,False,https://s3.glbimg.com/v1/AUTH_58d78b787ec34892b5aaa0c7a146155f/clubes_2025/silhuetas/FLU/FORMATO.png,0,2,0,0,0,16,15,3,2,12,0,0,0,0,0,0,0,0,1,0,4,0
111594,Micael,Micael dos Santos Silva,micael,PAL,275,Zagueiro,3,Nulo,6,6.42,0.0,3.3,0.0,11,29,False,https://s3.glbimg.com/v1/AUTH_58d78b787ec34892b5aaa0c7a146155f/clubes_2025/silhuetas/PAL/FORMATO.png,1,3,0,0,0,13,18,1,0,2,1,0,0,0,0,0,0,0,0,0,3,0
98619,Kuscevic,Benjamín Kuščević Jaramillo,kuscevic,FOR,356,Zagueiro,3,Suspenso,3,6.41,0.0,3.69,0.0,18,29,False,https://s3.glbimg.com/v1/AUTH_58d78b787ec34892b5aaa0c7a146155f/clubes_2025/silhuetas/FOR/FORMATO.png,0,3,1,0,0,26,17,1,3,4,0,1,0,0,1,0,0,0,0,0,5,0
104075,Sabino,José Sabino Chagas Monteiro,sabino,SAO,276,Zagueiro,3,Provável,7,6.35,0.0,4.08,0.0,22,29,False,https://s3.glbimg.com/v1/AUTH_58d78b787ec34892b5aaa0c7a146155f/clubes_2025/silhuetas/SAO/FORMATO.png,0,2,0,0,0,29,26,3,6,11,0,1,0,0,0,0,0,0,0,0,7,0
88087,Ramon Menezes,Ramon Menezes Roma,ramon-menezes,SPT,292,Zagueiro,3,Provável,7,6.3,-0.13,3.32,0.2,14,29,True,https://s3.glbimg.com/v1/AUTH_58d78b787ec34892b5aaa0c7a146155f/clubes_2025/silhuetas/SPT/FORMATO.png,0,2,0,0,0,14,11,3,2,5,0,1,0,0,0,0,0,0,0,0,3,0
125488,João Pedro,João Pedro de Sousa Rodrigues,joao-pedro,COR,264,Zagueiro,3,Nulo,6,6.24,1.58,3.84,9.4,9,29,True,https://s3.glbimg.com/v1/AUTH_58d78b787ec34892b5aaa0c7a146155f/clubes_2025/silhuetas/COR/FORMATO.png,1,4,0,0,0,11,14,0,1,1,0,0,0,0,0,0,0,0,0,0,4,0
92440,André Ramalho,André Ramalho Silva,andre-ramalho,COR,264,Zagueiro,3,Provável,7,6.21,0.0,3.6,0.0,18,29,False,https://s3.glbimg.com/v1/AUTH_58d78b787ec34892b5aaa0c7a146155f/clubes_2025/silhuetas/COR/FORMATO.png,0,4,0,0,0,23,19,1,7,8,0,0,0,0,0,0,0,0,0,0,6,0
132553,Jemmes,Jemmes Bruno Ribeiro da Silva,jemmes,MIR,2305,Zagueiro,3,Provável,7,6.1,0.8,4.63,6.2,27,29,True,https://s3.glbimg.com/v1/AUTH_58d78b787ec34892b5aaa0c7a146155f/clubes_2025/silhuetas/MIR/FORMATO.png,0,2,0,0,0,51,28,1,8,7,0,1,0,0,1,0,0,0,0,0,8,0
88312,Junior Alonso,Júnior Osmar Ignacio Alonso Mujica,junior-alonso,CAM,282,Zagueiro,3,Provável,7,6.09,-0.23,3.76,1.2,23,29,True,https://s3.glbimg.com/v1/AUTH_58d78b787ec34892b5aaa0c7a146155f/clubes_2025/silhuetas/CAM/FORMATO.png,1,3,2,0,0,30,18,3,7,10,0,0,1,0,0,0,0,0,0,0,8,0
72951,Mercado,Gabriel Iván Mercado,mercado,INT,285,Zagueiro,3,Provável,7,6.03,0.0,3.2,0.0,5,29,False,https://s3.glbimg.com/v1/AUTH_58d78b787ec34892b5aaa0c7a146155f/clubes_2025/silhuetas/INT/FORMATO.png,0,1,0,0,0,7,5,1,1,2,0,0,0,0,0,0,0,0,0,0,1,0
105990,Santiago Mingo,Santiago Martín Ramos Mingo,santiago-mingo,BAH,265,Zagueiro,3,Provável,7,5.99,1.56,3.12,10.7,24,29,True,https://s3.glbimg.com/v1/AUTH_58d78b787ec34892b5aaa0c7a146155f/clubes_2025/silhuetas/BAH/FORMATO.png,0,4,0,0,0,20,24,1,8,18,0,0,0,0,2,0,0,0,0,0,8,0
114790,Cleiton,Cleiton Santana dos Santos,cleiton,FLA,262,Zagueiro,3,Nulo,6,5.96,0.0,5.85,0.0,2,29,False,https://s3.glbimg.com/v1/AUTH_58d78b787ec34892b5aaa0c7a146155f/clubes_2025/silhuetas/FLA/FORMATO.png,0,0,0,0,0,4,1,0,0,2,0,0,0,0,0,0,0,0,0,0,1,0
117061,Gabriel Knesowitsch,Gabriel Knesowitsch,gabriel-knesowitsch,MIR,2305,Zagueiro,3,Nulo,6,5.95,0.0,4.72,0.0,4,29,False,https://s3.glbimg.com/v1/AUTH_58d78b787ec34892b5aaa0c7a146155f/clubes_2025/silhuetas/MIR/FORMATO.png,0,0,0,0,0,3,1,2,1,3,0,0,0,0,0,0,0,0,0,0,2,0
91866,Zé Ivaldo,José Ivaldo Almeida Silva,ze-ivaldo,SAN,277,Zagueiro,3,Nulo,6,5.92,0.0,3.88,0.0,14,29,False,https://s3.glbimg.com/v1/AUTH_58d78b787ec34892b5aaa0c7a146155f/clubes_2025/silhuetas/SAN/FORMATO.png,0,4,1,0,0,20,14,0,11,10,0,1,0,0,3,0,0,0,0,0,3,0
105047,João Marcelo,João Marcelo Messias Ferreira,joao-marcelo,CRU,283,Zagueiro,3,Nulo,6,5.91,0.0,0.6,0.0,2,29,False,https://s3.glbimg.com/v1/AUTH_58d78b787ec34892b5aaa0c7a146155f/clubes_2025/silhuetas/CRU/FORMATO.png,0,0,0,0,0,1,1,0,0,0,0,0,0,0,0,0,0,0,0,0,0,0
115537,Marcos Victor,Marcos Victor Ferreira da Silva,marcos-victor,CEA,354,Zagueiro,3,Nulo,6,5.87,0.0,3.9,0.0,7,29,False,https://s3.glbimg.com/v1/AUTH_58d78b787ec34892b5aaa0c7a146155f/clubes_2025/silhuetas/CEA/FORMATO.png,0,0,0,0,0,7,3,0,1,4,0,0,0,0,1,0,0,0,0,0,3,0
101908,Willian Machado,Willian Estefani Machado,willian-machado,CEA,354,Zagueiro,3,Provável,7,5.72,0.08,3.82,5.1,25,29,True,https://s3.glbimg.com/v1/AUTH_58d78b787ec34892b5aaa0c7a146155f/clubes_2025/silhuetas/CEA/FORMATO.png,0,2,0,0,0,24,11,5,7,13,1,0,0,0,0,0,0,0,0,0,9,0
122897,Guzmán Rodríguez,Guzmán Rodríguez Ferrari,guzman-rodriguez,RBB,280,Zagueiro,3,Contundido,5,5.6,0.0,2.74,0.0,23,29,False,https://s3.glbimg.com/v1/AUTH_58d78b787ec34892b5aaa0c7a146155f/clubes_2025/silhuetas/RBB/FORMATO.png,0,5,0,0,0,15,20,2,6,12,0,1,0,0,1,0,0,0,0,0,6,0
89493,Igor Rabello,Igor Rabello da Costa,igor-rabello,FLU,266,Zagueiro,3,Nulo,6,5.49,0.0,3.33,0.0,7,29,False,https://s3.glbimg.com/v1/AUTH_58d78b787ec34892b5aaa0c7a146155f/clubes_2025/silhuetas/FLU/FORMATO.png,0,0,1,0,0,6,9,0,0,0,0,0,0,0,0,0,0,0,0,0,4,0
105807,Luan Freitas,Luan de Freitas Molarinho Chagas,luan-freitas,JUV,286,Zagueiro,3,Dúvida,2,5.47,0.0,3.5,0.0,5,29,False,https://s3.glbimg.com/v1/AUTH_58d78b787ec34892b5aaa0c7a146155f/clubes_2025/silhuetas/JUV/FORMATO.png,0,0,0,0,0,7,3,0,3,1,0,0,0,0,0,0,0,0,0,0,1,0
99889,Alan Franco,Alan Javier Franco,alan-franco,SAO,276,Zagueiro,3,Provável,7,5.46,-0.25,2.37,0.5,21,29,True,https://s3.glbimg.com/v1/AUTH_58d78b787ec34892b5aaa0c7a146155f/clubes_2025/silhuetas/SAO/FORMATO.png,0,5,0,0,0,18,19,0,1,7,0,0,0,0,1,0,0,0,0,0,6,0
108469,Adonis Frías,Adonis Uriel Frías,adonis-frias,SAN,277,Zagueiro,3,Provável,7,5.4,-0.21,2.56,3.0,5,29,True,https://s3.glbimg.com/v1/AUTH_58d78b787ec34892b5aaa0c7a146155f/clubes_2025/silhuetas/SAN/FORMATO.png,0,1,0,0,0,5,9,1,1,4,0,0,0,0,0,0,0,0,0,0,1,0
92182,Juninho,José Carlos Ferreira Júnior,juninho,INT,285,Zagueiro,3,Provável,7,5.31,-0.03,3.1,6.5,14,29,True,https://s3.glbimg.com/v1/AUTH_58d78b787ec34892b5aaa0c7a146155f/clubes_2025/silhuetas/INT/FORMATO.png,0,3,0,0,0,19,9,2,6,7,0,0,0,0,0,0,0,0,0,0,2,0
69014,Manoel,Manoel Messias Silva Carvalho,manoel,FLU,266,Zagueiro,3,Nulo,6,5.3,0.0,2.46,0.0,5,29,False,https://s3.glbimg.com/v1/AUTH_58d78b787ec34892b5aaa0c7a146155f/clubes_2025/silhuetas/FLU/FORMATO.png,0,0,0,0,0,0,1,0,2,2,0,0,0,0,0,0,0,0,0,0,2,0
84847,Luan Peres,Luan Peres Petroni,luan-peres,SAN,277,Zagueiro,3,Provável,7,5.3,-0.21,2.83,2.6,19,29,True,https://s3.glbimg.com/v1/AUTH_58d78b787ec34892b5aaa0c7a146155f/clubes_2025/silhuetas/SAN/FORMATO.png,0,4,0,0,0,23,26,1,0,10,0,0,0,0,1,0,0,0,0,0,5,0
102253,Lucas Halter,Lucas Halter,lucas-halter,VIT,287,Zagueiro,3,Provável,7,5.22,0.21,3.26,8.2,26,29,True,https://s3.glbimg.com/v1/AUTH_58d78b787ec34892b5aaa0c7a146155f/clubes_2025/silhuetas/VIT/FORMATO.png,1,5,1,0,0,26,15,2,4,7,1,2,0,0,1,0,0,0,0,0,5,0
87853,Mauricio Lemos,Paolo Mauricio Lemos Merladett,mauricio-lemos,VAS,267,Zagueiro,3,Nulo,6,5.2,0.0,1.93,0.0,4,29,False,https://s3.glbimg.com/v1/AUTH_58d78b787ec34892b5aaa0c7a146155f/clubes_2025/silhuetas/VAS/FORMATO.png,0,0,0,0,0,2,1,0,0,0,0,0,0,0,0,0,0,0,0,0,1,0
105373,Gabriel Xavier,Gabriel Lheman Xavier - Lhman,gabriel-xavier,BAH,265,Zagueiro,3,Provável,7,5.18,0.0,2.26,0.0,9,29,False,https://s3.glbimg.com/v1/AUTH_58d78b787ec34892b5aaa0c7a146155f/clubes_2025/silhuetas/BAH/FORMATO.png,0,3,0,0,0,6,16,0,2,5,0,0,0,0,0,0,0,0,0,0,3,0
83048,Rafael Thyere,Rafael Thyere de Albuquerque Marques,rafael-thyere,SPT,292,Zagueiro,3,Provável,7,5.16,-0.14,2.48,-0.8,15,29,True,https://s3.glbimg.com/v1/AUTH_58d78b787ec34892b5aaa0c7a146155f/clubes_2025/silhuetas/SPT/FORMATO.png,0,2,0,0,0,12,9,1,2,6,1,0,0,0,0,0,0,0,0,0,3,0
105842,Edu,Lucas Eduardo Ribeiro de Souza,edu,VIT,287,Zagueiro,3,Nulo,6,5.04,0.31,3.47,3.7,15,29,True,https://s3.glbimg.com/v1/AUTH_58d78b787ec34892b5aaa0c7a146155f/clubes_2025/silhuetas/VIT/FORMATO.png,0,1,0,0,0,13,7,1,3,4,0,0,0,0,0,0,0,0,0,0,6,0
87342,Kannemann,Walter Kannemann,kannemann,GRE,284,Zagueiro,3,Provável,7,5.02,0.44,2.18,2.0,14,29,True,https://s3.glbimg.com/v1/AUTH_58d78b787ec34892b5aaa0c7a146155f/clubes_2025/silhuetas/GRE/FORMATO.png,0,6,1,0,0,14,16,0,1,7,1,0,0,0,0,0,0,0,1,0,3,0
95638,Marcelo Benevenuto,Marcelo da Conceição Benevenuto Malaquias,marcelo-benevenuto,FOR,356,Zagueiro,3,Contundido,5,5.0,0.0,0.0,0.0,0,29,False,https://s3.glbimg.com/v1/AUTH_58d78b787ec34892b5aaa0c7a146155f/clubes_2025/silhuetas/FOR/FORMATO.png,0,0,0,0,0,0,0,0,0,0,0,0,0,0,0,0,0,0,0,0,0,0
101995,Brítez,Emanuel Fermín Brítez,britez,FOR,356,Zagueiro,3,Provável,7,4.98,-0.13,2.53,0.9,11,29,True,https://s3.glbimg.com/v1/AUTH_58d78b787ec34892b5aaa0c7a146155f/clubes_2025/silhuetas/FOR/FORMATO.png,1,7,0,0,0,15,15,1,2,10,0,0,0,0,0,0,0,0,0,0,1,0
116589,Lucas Gazal,Lucas Xavier Gazal,lucas-gazal,FOR,356,Zagueiro,3,Nulo,6,4.94,0.28,3.37,3.0,3,29,True,https://s3.glbimg.com/v1/AUTH_58d78b787ec34892b5aaa0c7a146155f/clubes_2025/silhuetas/FOR/FORMATO.png,0,2,0,0,0,3,5,1,3,1,0,0,0,0,0,0,0,0,0,0,1,0
122861,Abner,Abner Salles da Silva,abner,JUV,286,Zagueiro,3,Dúvida,2,4.93,0.46,2.13,4.1,16,29,True,https://s3.glbimg.com/v1/AUTH_58d78b787ec34892b5aaa0c7a146155f/clubes_2025/silhuetas/JUV/FORMATO.png,1,2,0,0,0,11,15,0,2,5,0,0,0,0,1,0,0,0,0,0,3,0
96793,Camutanga,Cleidson Andrade da Souza Silva,camutanga,VIT,287,Zagueiro,3,Provável,7,4.9,0.0,2.64,0.0,7,29,False,https://s3.glbimg.com/v1/AUTH_58d78b787ec34892b5aaa0c7a146155f/clubes_2025/silhuetas/VIT/FORMATO.png,0,3,0,0,0,6,8,2,2,2,0,0,0,0,1,0,0,0,0,0,2,0
114334,Gamarra,Mateo Gamarra González,gamarra,CRU,283,Zagueiro,3,Nulo,6,4.83,0.0,2.35,0.0,2,29,False,https://s3.glbimg.com/v1/AUTH_58d78b787ec34892b5aaa0c7a146155f/clubes_2025/silhuetas/CRU/FORMATO.png,0,0,0,0,0,4,1,0,0,0,0,0,0,0,0,0,0,0,0,0,0,0
122406,Luisão,Luis Fellipe Campos Dória,luisao,SAN,277,Zagueiro,3,Nulo,6,4.78,0.0,2.45,0.0,6,29,False,https://s3.glbimg.com/v1/AUTH_58d78b787ec34892b5aaa0c7a146155f/clubes_2025/silhuetas/SAN/FORMATO.png,0,2,0,0,0,6,3,0,2,4,0,0,0,0,0,0,0,0,0,0,1,0
84263,Jemerson,Jemerson de Jesus Nascimento,jemerson,GRE,284,Zagueiro,3,Nulo,6,4.77,0.0,3.2,0.0,9,29,False,https://s3.glbimg.com/v1/AUTH_58d78b787ec34892b5aaa0c7a146155f/clubes_2025/silhuetas/GRE/FORMATO.png,0,3,0,0,0,11,14,1,1,3,1,1,0,0,0,0,0,0,0,0,1,0
91509,Rodrigo Sam,Rodrigo Eduardo da Silva,rodrigo-sam,JUV,286,Zagueiro,3,Provável,7,4.75,0.94,2.44,7.1,8,29,True,https://s3.glbimg.com/v1/AUTH_58d78b787ec34892b5aaa0c7a146155f/clubes_2025/silhuetas/JUV/FORMATO.png,0,2,0,0,0,10,16,1,2,6,0,0,0,0,4,0,0,0,1,0,1,0
92237,Rodrigo Ely,Rodrigo Ely,rodrigo-ely,GRE,284,Zagueiro,3,Contundido,5,4.75,0.0,0.6,0.0,2,29,False,https://s3.glbimg.com/v1/AUTH_58d78b787ec34892b5aaa0c7a146155f/clubes_2025/silhuetas/GRE/FORMATO.png,0,0,0,0,0,1,1,0,0,0,0,0,0,0,0,0,0,0,0,0,0,0
108274,David Ricardo,David Ricardo Loiola da Silva,david-ricardo,BOT,263,Zagueiro,3,Suspenso,3,4.74,0.54,2.92,5.4,14,29,True,https://s3.glbimg.com/v1/AUTH_58d78b787ec34892b5aaa0c7a146155f/clubes_2025/silhuetas/BOT/FORMATO.png,0,3,1,0,0,8,14,0,2,9,0,1,0,0,0,0,0,0,0,0,5,0
137618,Clayton Sampaio,Clayton Sampaio Pereira,clayton-sampaio,INT,285,Zagueiro,3,Dúvida,2,4.59,0.85,2.81,5.2,8,29,True,https://s3.glbimg.com/v1/AUTH_58d78b787ec34892b5aaa0c7a146155f/clubes_2025/silhuetas/INT/FORMATO.png,0,2,0,0,0,7,9,2,1,1,1,0,0,0,0,0,0,0,0,0,2,0
98484,Kanu,Victor Hugo Soares dos Santos,kanu,BAH,265,Zagueiro,3,Nulo,6,4.58,0.0,2.85,0.0,2,29,False,https://s3.glbimg.com/v1/AUTH_58d78b787ec34892b5aaa0c7a146155f/clubes_2025/silhuetas/BAH/FORMATO.png,0,0,0,0,0,4,1,0,0,0,0,0,0,0,0,0,0,0,0,0,0,0
90943,Zé Marcos,José Marcos Alves Luis,ze-marcos,VIT,287,Zagueiro,3,Provável,7,4.43,0.83,2.42,6.9,22,29,True,https://s3.glbimg.com/v1/AUTH_58d78b787ec34892b5aaa0c7a146155f/clubes_2025/silhuetas/VIT/FORMATO.png,0,5,0,0,0,12,20,0,1,15,0,1,0,0,1,0,0,0,0,0,6,0
94514,Lucas Oliveira,Lucas da Cruz Oliveira,lucas-oliveira,VAS,267,Zagueiro,3,Nulo,6,4.15,0.0,1.85,0.0,6,29,False,https://s3.glbimg.com/v1/AUTH_58d78b787ec34892b5aaa0c7a146155f/clubes_2025/silhuetas/VAS/FORMATO.png,0,1,0,0,0,2,3,0,0,0,0,0,0,0,0,0,0,0,0,0,2,0
124912,Jonathan Jesus,Jonathan de Jesus Alves,jonathan-jesus,CRU,283,Zagueiro,3,Nulo,6,4.08,0.0,2.39,0.0,10,29,False,https://s3.glbimg.com/v1/AUTH_58d78b787ec34892b5aaa0c7a146155f/clubes_2025/silhuetas/CRU/FORMATO.png,0,0,1,0,0,10,13,0,0,2,0,0,0,0,1,0,0,0,0,0,3,0
141996,João Silva,João Pedro Eira Antunes da Silva,joao-silva,SPT,292,Zagueiro,3,Nulo,6,4.02,0.0,2.28,0.0,13,29,False,https://s3.glbimg.com/v1/AUTH_58d78b787ec34892b5aaa0c7a146155f/clubes_2025/silhuetas/SPT/FORMATO.png,0,1,0,0,0,9,11,2,2,3,0,0,0,0,1,0,0,0,0,0,3,0
70221,Bruno Uvini,Bruno Uvini Bortolança,bruno-uvini,VIT,287,Zagueiro,3,Nulo,6,4.0,0.0,0.0,0.0,0,29,False,https://s3.glbimg.com/v1/AUTH_58d78b787ec34892b5aaa0c7a146155f/clubes_2025/silhuetas/VIT/FORMATO.png,0,0,0,0,0,0,0,0,0,0,0,0,0,0,0,0,0,0,0,0,0,0
72359,Luiz Otávio,Luiz Otávio Anacleto Leandro,luiz-otavio,CEA,354,Zagueiro,3,Contundido,5,4.0,0.0,0.0,0.0,0,29,False,https://s3.glbimg.com/v1/AUTH_58d78b787ec34892b5aaa0c7a146155f/clubes_2025/silhuetas/CEA/FORMATO.png,0,0,0,0,0,0,0,0,0,0,0,0,0,0,0,0,0,0,0,0,0,0
86863,Luiz Otávio,Luiz Otávio da Silva Santos,luiz-otavio,MIR,2305,Zagueiro,3,Nulo,6,4.0,0.0,0.0,0.0,0,29,False,https://s3.glbimg.com/v1/AUTH_58d78b787ec34892b5aaa0c7a146155f/clubes_2025/silhuetas/MIR/FORMATO.png,0,0,0,0,0,0,0,0,0,0,0,0,0,0,0,0,0,0,0,0,0,0
97460,João Victor,João Victor Carroll Santana,joao-victor,MIR,2305,Zagueiro,3,Provável,7,4.0,0.56,3.05,5.0,23,29,True,https://s3.glbimg.com/v1/AUTH_58d78b787ec34892b5aaa0c7a146155f/clubes_2025/silhuetas/MIR/FORMATO.png,1,5,1,0,0,17,16,1,5,12,1,1,0,0,1,0,0,0,0,0,6,0
108176,Gabriel Lacerda,Gabriel Santos Cordeiro Lacerda,gabriel-lacerda,CEA,354,Zagueiro,3,Nulo,6,4.0,0.0,0.0,0.0,0,29,False,https://s3.glbimg.com/v1/AUTH_58d78b787ec34892b5aaa0c7a146155f/clubes_2025/silhuetas/CEA/FORMATO.png,0,0,0,0,0,0,0,0,0,0,0,0,0,0,0,0,0,0,0,0,0,0
110750,Gustavo Marques,Gustavo Marques Alves dos Santos,gustavo-marques,RBB,280,Zagueiro,3,Dúvida,2,3.92,-0.13,1.63,1.0,7,29,True,https://s3.glbimg.com/v1/AUTH_58d78b787ec34892b5aaa0c7a146155f/clubes_2025/silhuetas/RBB/FORMATO.png,0,0,0,0,0,4,4,1,3,8,0,0,0,0,0,0,0,0,0,0,0,0
113034,Freytes,Juan Pablo Freytes,freytes,FLU,266,Zagueiro,3,Suspenso,3,3.92,-1.22,2.87,-1.9,23,29,True,https://s3.glbimg.com/v1/AUTH_58d78b787ec34892b5aaa0c7a146155f/clubes_2025/silhuetas/FLU/FORMATO.png,0,5,1,0,0,15,15,3,9,13,1,0,0,0,1,0,0,0,1,0,7,0
115141,Lucas Freitas,Lucas de Freitas Molarinho Chagas,lucas-freitas,VAS,267,Zagueiro,3,Nulo,6,3.75,0.0,2.24,0.0,16,29,False,https://s3.glbimg.com/v1/AUTH_58d78b787ec34892b5aaa0c7a146155f/clubes_2025/silhuetas/VAS/FORMATO.png,0,2,0,0,0,11,13,0,3,10,0,1,0,0,0,0,0,0,1,0,2,0
124661,Iván Román,Ivan Ramiro Román Hurtado,ivan-roman,CAM,282,Zagueiro,3,Nulo,6,3.62,0.0,2.77,0.0,7,29,False,https://s3.glbimg.com/v1/AUTH_58d78b787ec34892b5aaa0c7a146155f/clubes_2025/silhuetas/CAM/FORMATO.png,0,3,0,0,0,9,7,1,1,8,0,0,0,0,0,0,0,0,0,0,1,0
122755,Lucas Cunha,Lucas de Souza Cunha,lucas-cunha,SPT,292,Zagueiro,3,Nulo,6,3.6,0.0,1.42,0.0,6,29,False,https://s3.glbimg.com/v1/AUTH_58d78b787ec34892b5aaa0c7a146155f/clubes_2025/silhuetas/SPT/FORMATO.png,0,2,0,0,0,4,5,0,0,2,0,0,0,0,0,0,0,0,0,0,1,0
95106,Gabriel Bahia,Gabriel Henrique Feitosa da Silva,gabriel-bahia,BOT,263,Zagueiro,3,Nulo,6,3.56,0.0,1.73,0.0,3,29,False,https://s3.glbimg.com/v1/AUTH_58d78b787ec34892b5aaa0c7a146155f/clubes_2025/silhuetas/BOT/FORMATO.png,0,0,0,0,0,3,2,0,1,1,0,0,0,0,0,0,0,0,0,0,0,0
83786,Neris,Hueglo dos Santos Neris,neris,VIT,287,Zagueiro,3,Nulo,6,3.04,0.98,0.27,5.0,6,29,True,https://s3.glbimg.com/v1/AUTH_58d78b787ec34892b5aaa0c7a146155f/clubes_2025/silhuetas/VIT/FORMATO.png,0,1,1,0,0,1,8,1,0,1,0,0,0,0,2,0,0,0,0,0,1,0
87808,Philipe Sampaio,Philipe Sampaio Azevedo,philipe-sampaio,BOT,263,Zagueiro,3,Nulo,6,3.0,0.0,0.0,0.0,0,29,False,https://s3.glbimg.com/v1/AUTH_58d78b787ec34892b5aaa0c7a146155f/clubes_2025/silhuetas/BOT/FORMATO.png,0,0,0,0,0,0,0,0,0,0,0,0,0,0,0,0,0,0,0,0,0,0
111465,Renzo,Renzo Azevedo Pimentel de Moura,renzo,SPT,292,Zagueiro,3,Nulo,6,3.0,0.0,0.0,0.0,0,29,False,https://s3.glbimg.com/v1/AUTH_58d78b787ec34892b5aaa0c7a146155f/clubes_2025/silhuetas/SPT/FORMATO.png,0,0,0,0,0,0,0,0,0,0,0,0,0,0,0,0,0,0,0,0,0,0
72801,Wilker Ángel,Wílker José Ángel Romero,wilker-angel,JUV,286,Zagueiro,3,Contundido,5,2.98,0.0,1.55,0.0,14,29,False,https://s3.glbimg.com/v1/AUTH_58d78b787ec34892b5aaa0c7a146155f/clubes_2025/silhuetas/JUV/FORMATO.png,0,4,0,0,0,5,22,3,3,4,0,1,0,0,2,0,0,0,0,0,2,0
125467,Viery,Viery Fernandes Santos Lopes,viery,GRE,284,Zagueiro,3,Nulo,6,2.86,0.0,2.35,0.0,2,29,False,https://s3.glbimg.com/v1/AUTH_58d78b787ec34892b5aaa0c7a146155f/clubes_2025/silhuetas/GRE/FORMATO.png,0,0,0,0,0,0,1,0,0,0,0,0,0,0,0,0,0,0,0,0,1,0
111246,Alix Vinicius,Alix Vinicius de Souza Sampaio,alix-vinicius,RBB,280,Zagueiro,3,Provável,7,2.84,-0.4,0.03,0.1,3,29,True,https://s3.glbimg.com/v1/AUTH_58d78b787ec34892b5aaa0c7a146155f/clubes_2025/silhuetas/RBB/FORMATO.png,0,0,0,0,0,0,3,0,0,2,0,0,0,0,0,0,0,0,0,0,0,0
91203,Éder,Éder Ferreira Graminho,eder,CEA,354,Zagueiro,3,Nulo,6,2.82,0.0,0.8,0.0,2,29,False,https://s3.glbimg.com/v1/AUTH_58d78b787ec34892b5aaa0c7a146155f/clubes_2025/silhuetas/CEA/FORMATO.png,0,0,0,0,0,0,3,1,1,1,0,0,0,0,0,0,0,0,0,0,0,0
123649,Janderson,José Janderson da Silva Marques,janderson,CRU,283,Zagueiro,3,Nulo,6,2.82,0.0,5.0,0.0,1,29,False,https://s3.glbimg.com/v1/AUTH_58d78b787ec34892b5aaa0c7a146155f/clubes_2025/silhuetas/CRU/FORMATO.png,0,0,0,0,0,0,0,0,0,0,0,0,0,0,0,0,0,0,0,0,1,0
133679,Benedetti,Luiz Gustavo Roncholeta Benedetti,benedetti,PAL,275,Zagueiro,3,Nulo,6,2.61,0.0,1.6,0.0,2,29,False,https://s3.glbimg.com/v1/AUTH_58d78b787ec34892b5aaa0c7a146155f/clubes_2025/silhuetas/PAL/FORMATO.png,0,0,0,0,0,2,2,0,1,0,0,0,0,0,0,0,0,0,0,0,0,0
107801,Natã,Natã Felipe de Amorim Santos,nata,JUV,286,Zagueiro,3,Contundido,5,2.43,0.0,1.35,0.0,2,29,False,https://s3.glbimg.com/v1/AUTH_58d78b787ec34892b5aaa0c7a146155f/clubes_2025/silhuetas/JUV/FORMATO.png,0,0,0,0,0,2,1,0,0,0,0,0,0,0,0,0,0,0,0,0,0,0
133623,Igão,Igor Odoni Gomes,igao,SAO,276,Zagueiro,3,Nulo,6,2.0,0.0,0.0,0.0,0,29,False,https://s3.glbimg.com/v1/AUTH_58d78b787ec34892b5aaa0c7a146155f/clubes_2025/silhuetas/SAO/FORMATO.png,0,0,0,0,0,0,0,0,0,0,0,0,0,0,0,0,0,0,0,0,0,0
140492,João Victor,João Victor de Souza Cunha,joao-victor,FLA,262,Zagueiro,3,Nulo,6,2.0,0.0,0.0,0.0,0,29,False,https://s3.glbimg.com/v1/AUTH_58d78b787ec34892b5aaa0c7a146155f/clubes_2025/silhuetas/FLA/FORMATO.png,0,0,0,0,0,0,0,0,0,0,0,0,0,0,0,0,0,0,0,0,0,0
142257,Luis Eduardo,Luis Eduardo Guedes de Souza,luis-eduardo,GRE,284,Zagueiro,3,Nulo,6,2.0,0.0,0.0,0.0,0,29,False,https://s3.glbimg.com/v1/AUTH_58d78b787ec34892b5aaa0c7a146155f/clubes_2025/silhuetas/GRE/FORMATO.png,0,0,0,0,0,0,0,0,0,0,0,0,0,0,0,0,0,0,0,0,0,0
118090,Iago,Iago Teodoro da Silva Nogueira,iago,FLA,262,Zagueiro,3,Nulo,6,2.0,0.0,0.0,0.0,0,29,False,https://s3.glbimg.com/v1/AUTH_58d78b787ec34892b5aaa0c7a146155f/clubes_2025/silhuetas/FLA/FORMATO.png,0,0,0,0,0,0,0,0,0,0,0,0,0,0,0,0,0,0,0,0,0,0
117336,Cipriano,João Luiz da Silva Cipriano,cipriano,JUV,286,Zagueiro,3,Nulo,6,1.82,0.0,-2.3,0.0,2,29,False,https://s3.glbimg.com/v1/AUTH_58d78b787ec34892b5aaa0c7a146155f/clubes_2025/silhuetas/JUV/FORMATO.png,0,1,1,0,0,0,2,0,0,0,0,0,0,0,0,0,0,0,0,0,0,0
130393,Luiz Gustavo,Luiz Gustavo Marinho Ribeiro dos Santos,luiz-gustavo,BAH,265,Zagueiro,3,Nulo,6,1.8,0.0,1.56,0.0,5,29,False,https://s3.glbimg.com/v1/AUTH_58d78b787ec34892b5aaa0c7a146155f/clubes_2025/silhuetas/BAH/FORMATO.png,0,3,0,0,0,4,4,0,0,2,0,0,0,0,0,0,0,0,0,0,1,0
138021,Palacios,Sergio Stevan Palacios Zapata,palacios,RBB,280,Zagueiro,3,Nulo,6,1.7,0.0,1.3,0.0,2,29,False,https://s3.glbimg.com/v1/AUTH_58d78b787ec34892b5aaa0c7a146155f/clubes_2025/silhuetas/RBB/FORMATO.png,0,2,0,0,0,0,3,0,0,1,0,0,0,0,0,0,0,0,0,0,1,0
141419,Fredi Lippert,Frederico Lippert Neto Gomes,fredi-lippert,BAH,265,Zagueiro,3,Nulo,6,1.5,0.0,1.7,0.0,1,29,False,https://s3.glbimg.com/v1/AUTH_58d78b787ec34892b5aaa0c7a146155f/clubes_2025/silhuetas/BAH/FORMATO.png,0,0,0,0,0,1,1,0,0,1,0,0,0,0,0,0,0,0,0,0,0,0
141040,Davi Schuindt,Davi Duarte Schuindt,davi-schuindt,FLU,266,Zagueiro,3,Nulo,6,1.24,0.0,0.7,0.0,2,29,False,https://s3.glbimg.com/v1/AUTH_58d78b787ec34892b5aaa0c7a146155f/clubes_2025/silhuetas/FLU/FORMATO.png,0,0,0,0,0,0,1,1,0,1,0,0,0,0,0,0,0,0,0,0,0,0
131762,Isac,Isac Silvestre da Silva,isac,SAO,276,Zagueiro,3,Nulo,6,1.0,0.0,0.0,0.0,0,29,False,https://s3.glbimg.com/v1/AUTH_58d78b787ec34892b5aaa0c7a146155f/clubes_2025/silhuetas/SAO/FORMATO.png,0,0,0,0,0,0,0,0,0,0,0,0,0,0,0,0,0,0,0,0,0,0
131765,Kevyn,Kevyn Henrique Monteiro de Souza,kevyn,RBB,280,Zagueiro,3,Nulo,6,1.0,0.0,0.0,0.0,0,29,False,https://s3.glbimg.com/v1/AUTH_58d78b787ec34892b5aaa0c7a146155f/clubes_2025/silhuetas/RBB/FORMATO.png,0,0,0,0,0,0,0,0,0,0,0,0,0,0,0,0,0,0,0,0,0,0
139200,Pedro Kauã,Pedro Kauã Rodrigues Machado,pedro-kaua,INT,285,Zagueiro,3,Nulo,6,1.0,0.0,0.0,0.0,0,29,False,https://s3.glbimg.com/v1/AUTH_58d78b787ec34892b5aaa0c7a146155f/clubes_2025/silhuetas/INT/FORMATO.png,0,0,0,0,0,0,0,0,0,0,0,0,0,0,0,0,0,0,0,0,0,0
141084,Kauã Branco,Kauã Oliveira Branco,kaua-branco,BOT,263,Zagueiro,3,Nulo,6,1.0,0.0,0.0,0.0,0,29,False,https://s3.glbimg.com/v1/AUTH_58d78b787ec34892b5aaa0c7a146155f/clubes_2025/silhuetas/BOT/FORMATO.png,0,0,0,0,0,0,0,0,0,0,0,0,0,0,0,0,0,0,0,0,0,0
141131,Vitão,Vitor Fernandes Chaves Teixeira,vitao,CAM,282,Zagueiro,3,Nulo,6,1.0,0.0,0.0,0.0,0,29,False,https://s3.glbimg.com/v1/AUTH_58d78b787ec34892b5aaa0c7a146155f/clubes_2025/silhuetas/CAM/FORMATO.png,0,0,0,0,0,0,0,0,0,0,0,0,0,0,0,0,0,0,0,0,0,0
141150,Rafinha,Rafael Lima da Silva,rafinha,SPT,292,Zagueiro,3,Nulo,6,1.0,0.0,0.0,0.0,0,29,False,https://s3.glbimg.com/v1/AUTH_58d78b787ec34892b5aaa0c7a146155f/clubes_2025/silhuetas/SPT/FORMATO.png,0,0,0,0,0,0,0,0,0,0,0,0,0,0,0,0,0,0,0,0,0,0
141154,Felype Gabriel,Felype Gabriel Alencar Carvalho,felype-gabriel,SPT,292,Zagueiro,3,Nulo,6,1.0,0.0,0.0,0.0,0,29,False,https://s3.glbimg.com/v1/AUTH_58d78b787ec34892b5aaa0c7a146155f/clubes_2025/silhuetas/SPT/FORMATO.png,0,0,0,0,0,0,0,0,0,0,0,0,0,0,0,0,0,0,0,0,0,0
141153,Riquelme,Riquelme Felipe da Silva de Oliveira,riquelme,SPT,292,Zagueiro,3,Nulo,6,1.0,0.0,0.0,0.0,0,29,False,https://s3.glbimg.com/v1/AUTH_58d78b787ec34892b5aaa0c7a146155f/clubes_2025/silhuetas/SPT/FORMATO.png,0,0,0,0,0,0,0,0,0,0,0,0,0,0,0,0,0,0,0,0,0,0
141433,Gustavo Cintra,Gustavo Cintra Rocha,gustavo-cintra,FLU,266,Zagueiro,3,Nulo,6,1.0,0.0,0.0,0.0,0,29,False,https://s3.glbimg.com/v1/AUTH_58d78b787ec34892b5aaa0c7a146155f/clubes_2025/silhuetas/FLU/FORMATO.png,0,0,0,0,0,0,0,0,0,0,0,0,0,0,0,0,0,0,0,0,0,0
142047,Gabriel Silva,Gabriel Silva Rocha,gabriel-silva,CEA,354,Zagueiro,3,Nulo,6,1.0,0.0,0.0,0.0,0,29,False,https://s3.glbimg.com/v1/AUTH_58d78b787ec34892b5aaa0c7a146155f/clubes_2025/silhuetas/CEA/FORMATO.png,0,0,0,0,0,0,0,0,0,0,0,0,0,0,0,0,0,0,0,0,0,0
141795,Kauan,Kauan Santos Neves Coutinho,kauan,VIT,287,Zagueiro,3,Nulo,6,1.0,0.0,0.0,0.0,0,29,False,https://s3.glbimg.com/v1/AUTH_58d78b787ec34892b5aaa0c7a146155f/clubes_2025/silhuetas/VIT/FORMATO.png,0,0,0,0,0,0,0,0,0,0,0,0,0,0,0,0,0,0,0,0,0,0
142049,Bruno Alves,Bruno Ferreira Alves,bruno-alves,CRU,283,Zagueiro,3,Nulo,6,1.0,0.0,0.0,0.0,0,29,False,https://s3.glbimg.com/v1/AUTH_58d78b787ec34892b5aaa0c7a146155f/clubes_2025/silhuetas/CRU/FORMATO.png,0,0,0,0,0,0,0,0,0,0,0,0,0,0,0,0,0,0,0,0,0,0
144255,João Alencar,João Alencar Santos Paes da Costa,joao-alencar,SAN,277,Zagueiro,3,Nulo,6,1.0,0.0,0.0,0.0,0,29,False,https://s3.glbimg.com/v1/AUTH_58d78b787ec34892b5aaa0c7a146155f/clubes_2025/silhuetas/SAN/FORMATO.png,0,0,0,0,0,0,0,0,0,0,0,0,0,0,0,0,0,0,0,0,0,0
145648,Cristovam,Guilherme Cristovam dos Santos,cristovam,FOR,356,Zagueiro,3,Nulo,6,1.0,0.0,0.0,0.0,0,29,False,https://s3.glbimg.com/v1/AUTH_58d78b787ec34892b5aaa0c7a146155f/clubes_2025/silhuetas/FOR/FORMATO.png,0,0,0,0,0,0,0,0,0,0,0,0,0,0,0,0,0,0,0,0,0,0
145563,João Ananias,João Paulo Ananias Bento,joao-ananias,SAN,277,Zagueiro,3,Nulo,6,1.0,0.0,0.0,0.0,0,29,False,https://s3.glbimg.com/v1/AUTH_58d78b787ec34892b5aaa0c7a146155f/clubes_2025/silhuetas/SAN/FORMATO.png,0,0,0,0,0,0,0,0,0,0,0,0,0,0,0,0,0,0,0,0,0,0
145647,Bernardo,Bernardo Tichz Toffolo,bernardo,JUV,286,Zagueiro,3,Nulo,6,1.0,0.0,0.0,0.0,0,29,False,https://s3.glbimg.com/v1/AUTH_58d78b787ec34892b5aaa0c7a146155f/clubes_2025/silhuetas/JUV/FORMATO.png,0,0,0,0,0,0,0,0,0,0,0,0,0,0,0,0,0,0,0,0,0,0
146410,Marquinhos,Marcos Felipe Vinagre Souza,marquinhos,BOT,263,Zagueiro,3,Nulo,6,1.0,0.0,0.0,0.0,0,29,False,https://s3.glbimg.com/v1/AUTH_58d78b787ec34892b5aaa0c7a146155f/clubes_2025/silhuetas/BOT/FORMATO.png,0,0,0,0,0,0,0,0,0,0,0,0,0,0,0,0,0,0,0,0,0,0
146430,Justino,Gabriel Pereira Justino,justino,BOT,263,Zagueiro,3,Nulo,6,1.0,0.0,0.0,0.0,0,29,False,https://s3.glbimg.com/v1/AUTH_58d78b787ec34892b5aaa0c7a146155f/clubes_2025/silhuetas/BOT/FORMATO.png,0,0,0,0,0,0,0,0,0,0,0,0,0,0,0,0,0,0,0,0,0,0
145560,Loiola,João Victor Loiola Santos,loiola,FLU,266,Zagueiro,3,Nulo,6,1.0,0.0,0.0,0.0,0,29,False,https://s3.glbimg.com/v1/AUTH_58d78b787ec34892b5aaa0c7a146155f/clubes_2025/silhuetas/FLU/FORMATO.png,0,0,0,0,0,0,0,0,0,0,0,0,0,0,0,0,0,0,0,0,0,0
130711,Boateng,Stanley Boateng Osei,boateng,RBB,280,Zagueiro,3,Nulo,6,1.0,0.0,0.0,0.0,0,29,False,https://s3.glbimg.com/v1/AUTH_58d78b787ec34892b5aaa0c7a146155f/clubes_2025/silhuetas/RBB/FORMATO.png,0,0,0,0,0,0,0,0,0,0,0,0,0,0,0,0,0,0,0,0,0,0
130869,Andrei,Andrei Gabriel dos Santos Ferreira,andrei,VIT,287,Zagueiro,3,Nulo,6,1.0,0.0,0.0,0.0,0,29,False,https://s3.glbimg.com/v1/AUTH_58d78b787ec34892b5aaa0c7a146155f/clubes_2025/silhuetas/VIT/FORMATO.png,0,0,0,0,0,0,0,0,0,0,0,0,0,0,0,0,0,0,0,0,0,0
87863,Arrascaeta,Giorgian Daniel de Arrascaeta Benedetti,arrascaeta,FLA,262,Meia,4,Provável,7,19.4,0.76,9.47,14.7,26,29,True,https://s3.glbimg.com/v1/AUTH_58d78b787ec34892b5aaa0c7a146155f/clubes_2025/silhuetas/FLA/FORMATO.png,12,2,0,0,0,15,12,3,20,44,2,15,0,0,2,0,0,0,2,0,0,0
96610,Matheus Pereira,Matheus Fellipe Costa Pereira,matheus-pereira,CRU,283,Meia,4,Provável,7,14.21,-1.3,7.55,2.0,27,29,True,https://s3.glbimg.com/v1/AUTH_58d78b787ec34892b5aaa0c7a146155f/clubes_2025/silhuetas/CRU/FORMATO.png,7,5,0,0,0,35,29,16,18,86,2,6,0,0,6,0,0,0,0,0,0,0
63007,Neymar,Neymar da Silva Santos Júnior,neymar,SAN,277,Meia,4,Contundido,5,13.81,0.0,4.78,0.0,13,29,False,https://s3.glbimg.com/v1/AUTH_58d78b787ec34892b5aaa0c7a146155f/clubes_2025/silhuetas/SAN/FORMATO.png,0,4,1,0,0,3,15,9,9,49,1,3,0,0,2,0,0,0,0,0,0,0
117632,Garro,Rodrigo Garro,garro,COR,264,Meia,4,Provável,7,13.44,0.79,3.71,6.7,13,29,True,https://s3.glbimg.com/v1/AUTH_58d78b787ec34892b5aaa0c7a146155f/clubes_2025/silhuetas/COR/FORMATO.png,2,4,0,0,0,7,15,6,5,38,2,0,0,0,0,0,0,0,0,0,0,0
68685,Alan Patrick,Alan Patrick Lourenço,alan-patrick,INT,285,Meia,4,Provável,7,13.26,0.0,6.75,0.0,21,29,False,https://s3.glbimg.com/v1/AUTH_58d78b787ec34892b5aaa0c7a146155f/clubes_2025/silhuetas/INT/FORMATO.png,5,3,0,0,0,15,17,7,7,29,2,9,0,0,3,0,0,1,0,0,0,0
68811,Oscar,Oscar dos Santos Emboaba Júnior,oscar,SAO,276,Meia,4,Contundido,5,11.39,0.0,1.67,0.0,6,29,False,https://s3.glbimg.com/v1/AUTH_58d78b787ec34892b5aaa0c7a146155f/clubes_2025/silhuetas/SAO/FORMATO.png,0,1,0,0,0,5,3,2,0,4,0,0,0,0,0,0,0,0,0,0,0,0
90703,Matheuzinho,Matheus Martins Fogaça de Paulo,matheuzinho,VIT,287,Meia,4,Dúvida,2,10.41,1.18,4.06,10.7,20,29,True,https://s3.glbimg.com/v1/AUTH_58d78b787ec34892b5aaa0c7a146155f/clubes_2025/silhuetas/VIT/FORMATO.png,0,3,1,0,0,20,12,10,4,44,0,3,0,0,2,0,0,0,0,0,0,0
94509,Raphael Veiga,Raphael Cavalcante Veiga,raphael-veiga,PAL,275,Meia,4,Dúvida,2,10.34,-0.77,2.81,0.6,16,29,True,https://s3.glbimg.com/v1/AUTH_58d78b787ec34892b5aaa0c7a146155f/clubes_2025/silhuetas/PAL/FORMATO.png,1,1,0,0,0,9,14,5,4,27,0,1,0,0,0,0,0,0,1,0,0,0
126471,Barreal,Álvaro Martín Barreal,barreal,SAN,277,Meia,4,Provável,7,10.32,-1.68,6.16,4.6,24,29,True,https://s3.glbimg.com/v1/AUTH_58d78b787ec34892b5aaa0c7a146155f/clubes_2025/silhuetas/SAN/FORMATO.png,1,2,0,0,0,40,21,8,15,16,2,7,0,0,4,0,0,0,0,0,0,0
99267,Pochettino,Tomás Pochettino,pochettino,FOR,356,Meia,4,Provável,7,10.23,0.29,4.19,4.4,17,29,True,https://s3.glbimg.com/v1/AUTH_58d78b787ec34892b5aaa0c7a146155f/clubes_2025/silhuetas/FOR/FORMATO.png,2,2,0,0,0,22,7,10,10,9,0,1,0,0,3,0,0,0,0,0,0,0
68899,Philippe Coutinho,Philippe Coutinho Correia,philippe-coutinho,VAS,267,Meia,4,Provável,7,9.89,-0.26,4.94,3.3,21,29,True,https://s3.glbimg.com/v1/AUTH_58d78b787ec34892b5aaa0c7a146155f/clubes_2025/silhuetas/VAS/FORMATO.png,3,1,1,0,0,9,13,15,17,31,1,4,0,0,1,0,0,0,1,0,0,0
142890,Montoro,Álvaro Montoro,montoro,BOT,263,Meia,4,Contundido,5,9.6,0.0,5.16,0.0,10,29,False,https://s3.glbimg.com/v1/AUTH_58d78b787ec34892b5aaa0c7a146155f/clubes_2025/silhuetas/BOT/FORMATO.png,2,3,0,0,0,15,7,4,3,12,1,1,0,0,0,0,0,0,0,0,0,0
89274,Andreas Pereira,Andreas Hugo Hoelgebaum Pereira,andreas-pereira,PAL,275,Meia,4,Dúvida,2,9.6,-0.62,2.91,-0.6,7,29,True,https://s3.glbimg.com/v1/AUTH_58d78b787ec34892b5aaa0c7a146155f/clubes_2025/silhuetas/PAL/FORMATO.png,0,2,0,0,0,2,8,2,3,2,0,2,0,0,0,0,0,0,0,0,0,0
42135,Willian,Willian Borges da Silva,willian,GRE,284,Meia,4,Contundido,5,9.58,0.0,3.7,0.0,2,29,False,https://s3.glbimg.com/v1/AUTH_58d78b787ec34892b5aaa0c7a146155f/clubes_2025/silhuetas/GRE/FORMATO.png,1,0,0,0,0,1,2,0,0,3,0,0,0,0,0,0,0,0,0,0,0,0
80061,Saúl,Saúl Ñíguez Esclapez,saul,FLA,262,Meia,4,Provável,7,9.52,-0.46,4.14,3.9,9,29,True,https://s3.glbimg.com/v1/AUTH_58d78b787ec34892b5aaa0c7a146155f/clubes_2025/silhuetas/FLA/FORMATO.png,1,1,0,0,0,19,19,1,6,3,1,0,0,0,0,0,0,0,0,0,0,0
97145,Villasanti,Mathías Adalberto Villasanti Rolón,villasanti,GRE,284,Meia,4,Contundido,5,9.45,0.0,3.93,0.0,15,29,False,https://s3.glbimg.com/v1/AUTH_58d78b787ec34892b5aaa0c7a146155f/clubes_2025/silhuetas/GRE/FORMATO.png,0,5,0,0,0,42,24,0,4,10,0,0,0,0,0,0,0,0,0,0,0,0
87999,Gustavo Scarpa,Gustavo Henrique Furtado Scarpa,gustavo-scarpa,CAM,282,Meia,4,Provável,7,9.26,-0.77,3.5,1.0,26,29,True,https://s3.glbimg.com/v1/AUTH_58d78b787ec34892b5aaa0c7a146155f/clubes_2025/silhuetas/CAM/FORMATO.png,2,2,0,0,0,13,14,11,20,33,2,2,0,0,3,0,0,0,0,0,0,0
68991,Lucas Sasha,Lucas Pacheco Affini,lucas-sasha,FOR,356,Meia,4,Provável,7,9.13,0.22,5.81,8.0,20,29,True,https://s3.glbimg.com/v1/AUTH_58d78b787ec34892b5aaa0c7a146155f/clubes_2025/silhuetas/FOR/FORMATO.png,0,2,0,0,0,70,37,5,4,16,0,1,0,0,1,0,0,0,0,0,0,0
71536,Luiz Gustavo,Luiz Gustavo Dias,luiz-gustavo,SAO,276,Meia,4,Nulo,6,8.94,0.0,3.17,0.0,3,29,False,https://s3.glbimg.com/v1/AUTH_58d78b787ec34892b5aaa0c7a146155f/clubes_2025/silhuetas/SAO/FORMATO.png,0,0,0,0,0,4,6,0,1,3,1,0,0,0,0,0,0,0,0,0,0,0
98672,Savarino,Jefferson David Savarino Quintero,savarino,BOT,263,Meia,4,Provável,7,8.87,0.0,3.85,0.0,20,29,False,https://s3.glbimg.com/v1/AUTH_58d78b787ec34892b5aaa0c7a146155f/clubes_2025/silhuetas/BOT/FORMATO.png,2,1,0,0,0,7,8,13,13,15,1,3,0,0,5,0,0,0,0,0,0,0
105647,Maurício,Maurício Magalhães Prado,mauricio,PAL,275,Meia,4,Provável,7,8.86,-0.51,4.31,2.5,20,29,True,https://s3.glbimg.com/v1/AUTH_58d78b787ec34892b5aaa0c7a146155f/clubes_2025/silhuetas/PAL/FORMATO.png,6,1,0,0,0,11,12,5,10,13,0,3,0,0,5,0,0,0,0,0,0,0
105436,Carrascal,Jorge Andrés Carrascal Guardo,carrascal,FLA,262,Meia,4,Suspenso,3,8.69,-0.74,5.07,1.5,9,29,True,https://s3.glbimg.com/v1/AUTH_58d78b787ec34892b5aaa0c7a146155f/clubes_2025/silhuetas/FLA/FORMATO.png,4,3,0,0,0,10,11,0,3,13,0,1,0,0,0,0,0,0,0,0,0,0
89837,Lucho Acosta,Luciano Federico Acosta,lucho-acosta,FLU,266,Meia,4,Provável,7,8.63,-0.32,4.6,1.9,7,29,True,https://s3.glbimg.com/v1/AUTH_58d78b787ec34892b5aaa0c7a146155f/clubes_2025/silhuetas/FLU/FORMATO.png,0,2,0,0,0,9,11,2,1,10,0,2,0,0,2,0,0,0,0,0,0,0
90532,Arthur Melo,Arthur Henrique Ramos de Oliveira Melo,arthur-melo,GRE,284,Meia,4,Provável,7,8.41,0.0,3.07,0.0,6,29,False,https://s3.glbimg.com/v1/AUTH_58d78b787ec34892b5aaa0c7a146155f/clubes_2025/silhuetas/GRE/FORMATO.png,0,1,1,0,0,10,9,1,0,18,0,0,0,0,1,0,0,0,0,0,0,0
84735,Jorginho,Jorge Luiz Frello Filho,jorginho,FLA,262,Meia,4,Provável,7,8.39,2.04,2.33,13.5,13,29,True,https://s3.glbimg.com/v1/AUTH_58d78b787ec34892b5aaa0c7a146155f/clubes_2025/silhuetas/FLA/FORMATO.png,0,5,0,0,0,18,19,1,1,8,0,1,0,0,0,0,0,0,0,0,0,0
70592,Felipe Anderson,Felipe Anderson Pereira Gomes,felipe-anderson,PAL,275,Meia,4,Dúvida,2,8.36,-0.52,5.17,7.3,22,29,True,https://s3.glbimg.com/v1/AUTH_58d78b787ec34892b5aaa0c7a146155f/clubes_2025/silhuetas/PAL/FORMATO.png,2,0,0,0,0,45,11,6,8,14,1,2,0,0,2,0,0,0,0,0,0,0
98022,Erick,Erick Luis Conrado de Carvalho,erick,BAH,265,Meia,4,Nulo,6,8.32,0.0,3.53,0.0,8,29,False,https://s3.glbimg.com/v1/AUTH_58d78b787ec34892b5aaa0c7a146155f/clubes_2025/silhuetas/BAH/FORMATO.png,0,3,0,0,0,14,12,0,2,3,1,1,0,0,2,0,0,0,0,0,0,0
115248,Jhon Jhon,Jhonatan dos Santos Rosa,jhon-jhon,RBB,280,Meia,4,Provável,7,8.11,-0.68,5.24,3.2,26,29,True,https://s3.glbimg.com/v1/AUTH_58d78b787ec34892b5aaa0c7a146155f/clubes_2025/silhuetas/RBB/FORMATO.png,4,8,0,0,0,21,28,9,11,46,1,7,0,0,2,0,0,0,0,0,0,0
104502,Christian,Christian Roberto Alves Cardoso,christian,CRU,283,Meia,4,Provável,7,8.09,1.07,4.33,10.1,23,29,True,https://s3.glbimg.com/v1/AUTH_58d78b787ec34892b5aaa0c7a146155f/clubes_2025/silhuetas/CRU/FORMATO.png,2,7,0,0,0,26,35,6,13,39,0,4,0,0,6,0,0,0,0,0,0,0
84558,Lucas Romero,Lucas Daniel Romero,lucas-romero,CRU,283,Meia,4,Provável,7,8.07,-0.01,4.44,5.2,26,29,True,https://s3.glbimg.com/v1/AUTH_58d78b787ec34892b5aaa0c7a146155f/clubes_2025/silhuetas/CRU/FORMATO.png,2,9,0,0,0,57,27,3,8,39,0,1,0,0,1,0,0,0,0,0,0,0
77664,Sérgio Oliveira,Sérgio Miguel Relvas de Oliveira,sergio-oliveira,SPT,292,Meia,4,Provável,7,7.91,-0.41,3.93,0.8,10,29,True,https://s3.glbimg.com/v1/AUTH_58d78b787ec34892b5aaa0c7a146155f/clubes_2025/silhuetas/SPT/FORMATO.png,0,3,0,0,0,14,12,4,7,7,1,1,0,0,0,0,0,0,0,0,0,0
106822,Rodrigo Nestor,Rodrigo Nestor Bertalia,rodrigo-nestor,BAH,265,Meia,4,Nulo,6,7.89,1.23,4.29,10.8,15,29,True,https://s3.glbimg.com/v1/AUTH_58d78b787ec34892b5aaa0c7a146155f/clubes_2025/silhuetas/BAH/FORMATO.png,0,3,0,0,0,14,9,3,5,13,1,4,0,0,1,0,0,0,0,0,0,0
82455,Zé Rafael,José Rafael Vivian,ze-rafael,SAN,277,Meia,4,Suspenso,3,7.85,-1.29,4.63,3.8,19,29,True,https://s3.glbimg.com/v1/AUTH_58d78b787ec34892b5aaa0c7a146155f/clubes_2025/silhuetas/SAN/FORMATO.png,0,3,0,0,0,38,32,1,10,39,2,1,0,0,0,0,0,0,1,0,0,0
51772,Everton Ribeiro,Everton Augusto de Barros Ribeiro,everton-ribeiro,BAH,265,Meia,4,Contundido,5,7.57,0.0,4.3,0.0,23,29,False,https://s3.glbimg.com/v1/AUTH_58d78b787ec34892b5aaa0c7a146155f/clubes_2025/silhuetas/BAH/FORMATO.png,3,3,1,0,0,31,18,5,7,36,1,2,0,0,0,0,0,0,0,0,0,0
93886,Matheusinho,Matheus Leonardo Sales Cardoso,matheusinho,SPT,292,Meia,4,Provável,7,7.53,0.14,4.66,2.4,15,29,True,https://s3.glbimg.com/v1/AUTH_58d78b787ec34892b5aaa0c7a146155f/clubes_2025/silhuetas/SPT/FORMATO.png,3,1,0,0,0,15,10,4,8,18,0,2,0,0,1,0,0,0,0,0,0,0
99228,De la Cruz,Diego Nicolás de la Cruz Arcosa,de-la-cruz,FLA,262,Meia,4,Nulo,6,7.48,0.0,2.3,0.0,14,29,False,https://s3.glbimg.com/v1/AUTH_58d78b787ec34892b5aaa0c7a146155f/clubes_2025/silhuetas/FLA/FORMATO.png,0,4,0,0,0,13,14,3,6,25,0,0,0,0,0,0,0,0,0,0,0,0
117910,Breno Bidon,Breno de Souza Bidon,breno-bidon,COR,264,Meia,4,Provável,7,7.46,-0.08,3.89,2.1,26,29,True,https://s3.glbimg.com/v1/AUTH_58d78b787ec34892b5aaa0c7a146155f/clubes_2025/silhuetas/COR/FORMATO.png,1,7,0,0,0,41,58,4,9,72,1,1,0,0,1,0,0,0,1,0,0,0
107231,Danilo,Danilo dos Santos de Oliveira,danilo,BOT,263,Meia,4,Dúvida,2,7.36,0.0,2.3,0.0,6,29,False,https://s3.glbimg.com/v1/AUTH_58d78b787ec34892b5aaa0c7a146155f/clubes_2025/silhuetas/BOT/FORMATO.png,0,1,0,0,0,3,2,0,3,1,0,1,0,0,0,0,0,0,0,0,0,0
95556,Raniele,Raniele Almeida Melo,raniele,COR,264,Meia,4,Provável,7,7.16,-0.59,4.25,8.5,24,29,True,https://s3.glbimg.com/v1/AUTH_58d78b787ec34892b5aaa0c7a146155f/clubes_2025/silhuetas/COR/FORMATO.png,1,5,0,0,0,48,30,4,6,43,0,1,0,0,0,0,0,0,0,0,0,0
105214,Santiago Rodríguez,Santiago Mariano Rodríguez Molina,santiago-rodriguez,BOT,263,Meia,4,Provável,7,7.07,0.75,4.31,8.5,18,29,True,https://s3.glbimg.com/v1/AUTH_58d78b787ec34892b5aaa0c7a146155f/clubes_2025/silhuetas/BOT/FORMATO.png,3,4,0,0,0,21,12,4,8,23,0,2,0,0,1,0,0,0,0,0,0,0
107173,Michel Araújo,Michel Daryl Araújo Villar,michel-araujo,BAH,265,Meia,4,Provável,7,7.06,1.19,3.32,10.1,18,29,True,https://s3.glbimg.com/v1/AUTH_58d78b787ec34892b5aaa0c7a146155f/clubes_2025/silhuetas/BAH/FORMATO.png,0,1,0,0,0,14,13,2,6,9,0,4,0,0,1,0,0,0,0,0,0,0
70944,Bruno Henrique,Bruno Henrique Corsini,bruno-henrique,INT,285,Meia,4,Dúvida,2,7.05,0.81,2.88,9.5,22,29,True,https://s3.glbimg.com/v1/AUTH_58d78b787ec34892b5aaa0c7a146155f/clubes_2025/silhuetas/INT/FORMATO.png,0,1,1,0,0,29,34,3,9,13,0,2,0,0,0,0,0,0,1,0,0,0
118774,Alexsander,Alexsander Cristhian Gomes da Costa - Christian,alexsander,CAM,282,Meia,4,Dúvida,2,6.97,0.0,3.77,0.0,6,29,False,https://s3.glbimg.com/v1/AUTH_58d78b787ec34892b5aaa0c7a146155f/clubes_2025/silhuetas/CAM/FORMATO.png,0,3,0,0,0,16,13,1,1,7,0,0,0,0,0,0,0,0,0,0,0,0
77485,Carrillo,André Martín Carrillo Díaz,carrillo,COR,264,Meia,4,Nulo,6,6.96,0.0,3.06,0.0,15,29,False,https://s3.glbimg.com/v1/AUTH_58d78b787ec34892b5aaa0c7a146155f/clubes_2025/silhuetas/COR/FORMATO.png,1,1,0,0,0,19,18,1,5,12,0,1,0,0,2,0,0,0,0,0,0,0
78478,Willian Arão,Willian Souza Arão da Silva,willian-arao,SAN,277,Meia,4,Nulo,6,6.78,-0.07,1.57,3.5,3,29,True,https://s3.glbimg.com/v1/AUTH_58d78b787ec34892b5aaa0c7a146155f/clubes_2025/silhuetas/SAN/FORMATO.png,0,0,0,0,0,2,2,0,1,3,0,0,0,0,0,0,0,0,0,0,0,0
111407,Luis Mandaca,Luis Gustavo da Silva Machado Duarte,luis-mandaca,JUV,286,Meia,4,Nulo,6,6.72,0.0,4.32,0.0,24,29,False,https://s3.glbimg.com/v1/AUTH_58d78b787ec34892b5aaa0c7a146155f/clubes_2025/silhuetas/JUV/FORMATO.png,0,2,1,0,0,41,40,8,15,38,1,2,0,0,2,0,0,0,0,0,0,0
98517,Jean Lucas,Jean Lucas de Souza Oliveira,jean-lucas,BAH,265,Meia,4,Provável,7,6.49,-0.23,4.09,3.2,24,29,True,https://s3.glbimg.com/v1/AUTH_58d78b787ec34892b5aaa0c7a146155f/clubes_2025/silhuetas/BAH/FORMATO.png,1,2,1,0,0,34,28,8,10,24,1,3,0,0,1,0,0,0,0,0,0,0
102256,Rollheiser,Benjamín Rollheiser,rollheiser,SAN,277,Meia,4,Provável,7,6.49,-1.22,3.12,2.8,26,29,True,https://s3.glbimg.com/v1/AUTH_58d78b787ec34892b5aaa0c7a146155f/clubes_2025/silhuetas/SAN/FORMATO.png,2,7,0,0,0,19,28,12,14,32,3,1,0,0,3,0,0,0,0,0,0,0
70164,Lucas Moura,Lucas Rodrigues Moura da Silva,lucas-moura,SAO,276,Meia,4,Provável,7,6.48,0.24,3.78,3.5,6,29,True,https://s3.glbimg.com/v1/AUTH_58d78b787ec34892b5aaa0c7a146155f/clubes_2025/silhuetas/SAO/FORMATO.png,0,0,0,0,0,5,3,2,4,7,0,1,0,0,0,0,0,0,0,0,0,0
81121,Lucas Mugni,Lucas Andrés Mugni,lucas-mugni,CEA,354,Meia,4,Nulo,6,6.48,0.46,3.34,3.2,21,29,True,https://s3.glbimg.com/v1/AUTH_58d78b787ec34892b5aaa0c7a146155f/clubes_2025/silhuetas/CEA/FORMATO.png,3,5,0,0,0,23,27,4,6,11,1,2,0,0,2,0,0,0,0,0,0,0
109573,Martinelli,Matheus Martinelli Lima,martinelli,FLU,266,Meia,4,Provável,7,6.39,-0.22,2.8,2.3,24,29,True,https://s3.glbimg.com/v1/AUTH_58d78b787ec34892b5aaa0c7a146155f/clubes_2025/silhuetas/FLU/FORMATO.png,2,4,0,0,0,27,35,2,5,30,1,1,0,0,1,0,0,0,0,0,0,0
122485,Barros,Cauan Lucas Barros da Luz,barros,VAS,267,Meia,4,Provável,7,6.38,0.35,3.83,6.4,8,29,True,https://s3.glbimg.com/v1/AUTH_58d78b787ec34892b5aaa0c7a146155f/clubes_2025/silhuetas/VAS/FORMATO.png,0,3,0,0,0,18,12,2,1,14,0,0,0,0,0,0,0,0,0,0,0,0
84674,Lucas Evangelista,Lucas Evangelista Santana de Oliveira,lucas-evangelista,PAL,275,Meia,4,Contundido,5,6.28,0.0,3.36,0.0,19,29,False,https://s3.glbimg.com/v1/AUTH_58d78b787ec34892b5aaa0c7a146155f/clubes_2025/silhuetas/PAL/FORMATO.png,1,2,0,0,0,23,20,4,2,20,0,2,0,0,0,0,0,0,0,0,0,0
99440,Baralhas,Gabriel Baralhas dos Santos,baralhas,VIT,287,Meia,4,Provável,7,6.25,0.57,3.5,4.4,22,29,True,https://s3.glbimg.com/v1/AUTH_58d78b787ec34892b5aaa0c7a146155f/clubes_2025/silhuetas/VIT/FORMATO.png,1,8,0,0,0,39,35,4,10,18,1,1,0,0,0,0,0,0,0,0,0,0
116447,Hércules,Hércules Pereira do Nascimento,hercules,FLU,266,Meia,4,Provável,7,6.14,-0.56,3.24,2.2,23,29,True,https://s3.glbimg.com/v1/AUTH_58d78b787ec34892b5aaa0c7a146155f/clubes_2025/silhuetas/FLU/FORMATO.png,0,1,0,0,0,26,27,4,9,11,1,3,0,0,0,0,0,0,0,0,0,0
107174,Bruno Tabata,Bruno Vinícius Souza Ramos,bruno-tabata,INT,285,Meia,4,Nulo,6,6.08,0.0,3.88,0.0,20,29,False,https://s3.glbimg.com/v1/AUTH_58d78b787ec34892b5aaa0c7a146155f/clubes_2025/silhuetas/INT/FORMATO.png,1,4,0,0,0,19,15,7,9,20,1,3,0,0,2,0,0,0,0,0,0,0
89846,Cristaldo,Franco Cristaldo,cristaldo,GRE,284,Meia,4,Nulo,6,5.99,-0.51,2.37,0.8,20,29,True,https://s3.glbimg.com/v1/AUTH_58d78b787ec34892b5aaa0c7a146155f/clubes_2025/silhuetas/GRE/FORMATO.png,2,1,0,0,0,12,4,4,6,24,0,0,0,0,1,0,0,0,0,0,0,0
103767,Gabriel Menino,Gabriel Vinícius Menino,gabriel-menino,CAM,282,Meia,4,Nulo,6,5.99,0.0,2.78,0.0,18,29,False,https://s3.glbimg.com/v1/AUTH_58d78b787ec34892b5aaa0c7a146155f/clubes_2025/silhuetas/CAM/FORMATO.png,1,1,0,0,0,17,14,5,5,14,0,1,0,0,1,0,0,0,0,0,0,0
71709,Cuéllar,Gustavo Leonardo Cuellar Gallego,cuellar,GRE,284,Meia,4,Dúvida,2,5.94,0.2,3.1,2.5,9,29,True,https://s3.glbimg.com/v1/AUTH_58d78b787ec34892b5aaa0c7a146155f/clubes_2025/silhuetas/GRE/FORMATO.png,0,1,0,0,0,18,12,0,0,11,0,0,0,0,0,0,0,0,0,0,0,0
80583,Lucas Lima,Lucas Rafael Araújo Lima,lucas-lima,SPT,292,Meia,4,Nulo,6,5.94,-1.06,3.93,-0.8,23,29,True,https://s3.glbimg.com/v1/AUTH_58d78b787ec34892b5aaa0c7a146155f/clubes_2025/silhuetas/SPT/FORMATO.png,4,10,0,0,0,17,26,9,3,36,0,4,0,0,6,0,0,0,0,0,0,0
107950,Fausto Vera,Fausto Mariano Vera,fausto-vera,CAM,282,Meia,4,Suspenso,3,5.92,-0.48,2.48,-0.7,13,29,True,https://s3.glbimg.com/v1/AUTH_58d78b787ec34892b5aaa0c7a146155f/clubes_2025/silhuetas/CAM/FORMATO.png,0,3,0,0,0,18,21,0,5,5,0,1,0,0,0,0,0,0,0,0,0,0
85403,Danielzinho,Daniel de Oliveira Sertanejo,danielzinho,MIR,2305,Meia,4,Provável,7,5.91,0.44,3.01,7.6,26,29,True,https://s3.glbimg.com/v1/AUTH_58d78b787ec34892b5aaa0c7a146155f/clubes_2025/silhuetas/MIR/FORMATO.png,2,4,0,0,0,26,30,4,10,52,1,0,0,0,2,0,0,0,1,0,0,0
100742,Matheus Henrique,Matheus Henrique de Souza,matheus-henrique,CRU,283,Meia,4,Contundido,5,5.9,0.0,2.18,0.0,13,29,False,https://s3.glbimg.com/v1/AUTH_58d78b787ec34892b5aaa0c7a146155f/clubes_2025/silhuetas/CRU/FORMATO.png,0,2,0,0,0,16,10,2,2,11,0,0,0,0,0,0,0,0,0,0,0,0
91473,Erick Pulgar,Erick Antonio Pulgar Farfán,erick-pulgar,FLA,262,Meia,4,Suspenso,3,5.84,-0.67,2.38,-1.3,11,29,True,https://s3.glbimg.com/v1/AUTH_58d78b787ec34892b5aaa0c7a146155f/clubes_2025/silhuetas/FLA/FORMATO.png,0,3,0,0,0,13,14,2,0,7,0,1,0,0,0,0,0,0,0,0,0,0
93790,Marlon Freitas,Marlon Rodrigues Freitas,marlon-freitas,BOT,263,Meia,4,Provável,7,5.8,0.0,2.33,0.0,23,29,False,https://s3.glbimg.com/v1/AUTH_58d78b787ec34892b5aaa0c7a146155f/clubes_2025/silhuetas/BOT/FORMATO.png,3,5,0,0,0,23,25,4,10,8,0,0,0,0,0,0,0,0,0,0,0,0
123744,Alan Rodríguez,Alan Jesús Rodríguez Guaglianoni,alan-rodriguez,INT,285,Meia,4,Contundido,5,5.72,-0.27,2.92,2.9,9,29,True,https://s3.glbimg.com/v1/AUTH_58d78b787ec34892b5aaa0c7a146155f/clubes_2025/silhuetas/INT/FORMATO.png,0,1,0,0,0,13,5,1,2,7,1,0,0,0,1,0,0,0,0,0,0,0
80129,Jadson,Jadson Alves dos Santos,jadson,JUV,286,Meia,4,Provável,7,5.66,0.01,3.07,1.2,24,29,True,https://s3.glbimg.com/v1/AUTH_58d78b787ec34892b5aaa0c7a146155f/clubes_2025/silhuetas/JUV/FORMATO.png,1,7,0,0,0,38,35,3,7,42,0,0,0,0,2,0,0,0,0,0,0,0
101651,Peixoto,Daniel Nascimento Peixoto dos Santos,peixoto,JUV,286,Meia,4,Provável,7,5.64,2.4,3.84,12.6,5,29,True,https://s3.glbimg.com/v1/AUTH_58d78b787ec34892b5aaa0c7a146155f/clubes_2025/silhuetas/JUV/FORMATO.png,0,0,0,0,0,4,1,0,5,3,0,1,0,0,0,0,0,0,0,0,0,0
78605,Gabriel,Gabriel Girotto Franco,gabriel,RBB,280,Meia,4,Provável,7,5.52,-0.3,3.11,0.5,25,29,True,https://s3.glbimg.com/v1/AUTH_58d78b787ec34892b5aaa0c7a146155f/clubes_2025/silhuetas/RBB/FORMATO.png,0,10,0,0,0,46,34,1,6,23,1,1,0,0,0,0,0,0,0,0,0,0
88597,Lucas Crispim,Lucas de Figueiredo Crispim,lucas-crispim,FOR,356,Meia,4,Contundido,5,5.5,0.0,3.0,0.0,4,29,False,https://s3.glbimg.com/v1/AUTH_58d78b787ec34892b5aaa0c7a146155f/clubes_2025/silhuetas/FOR/FORMATO.png,0,0,0,0,0,1,4,0,1,6,0,1,0,0,1,0,0,0,0,0,0,0
62977,Ganso,Paulo Henrique Chagas de Lima,ganso,FLU,266,Meia,4,Nulo,6,5.49,0.0,1.18,0.0,14,29,False,https://s3.glbimg.com/v1/AUTH_58d78b787ec34892b5aaa0c7a146155f/clubes_2025/silhuetas/FLU/FORMATO.png,0,2,0,0,0,7,6,0,2,16,0,0,0,0,0,0,0,0,0,0,0,0
103295,Eric Ramires,Eric dos Santos Rodrigues,eric-ramires,RBB,280,Meia,4,Provável,7,5.48,-0.11,2.81,0.7,27,29,True,https://s3.glbimg.com/v1/AUTH_58d78b787ec34892b5aaa0c7a146155f/clubes_2025/silhuetas/RBB/FORMATO.png,1,3,0,0,0,25,31,3,8,34,1,2,0,0,0,0,0,0,0,0,0,0
82463,Otávio,Otávio Henrique Passos Santos,otavio,FLU,266,Meia,4,Nulo,6,5.46,0.0,1.82,0.0,4,29,False,https://s3.glbimg.com/v1/AUTH_58d78b787ec34892b5aaa0c7a146155f/clubes_2025/silhuetas/FLU/FORMATO.png,0,0,0,0,0,3,5,0,1,7,0,0,0,0,0,0,0,0,0,0,0,0
123360,Cauly,Cauly Oliveira Souza,cauly,BAH,265,Meia,4,Nulo,6,5.41,0.06,1.96,1.5,21,29,True,https://s3.glbimg.com/v1/AUTH_58d78b787ec34892b5aaa0c7a146155f/clubes_2025/silhuetas/BAH/FORMATO.png,3,2,0,0,0,6,11,4,8,6,0,1,0,0,0,0,0,0,0,0,0,0
77777,João Schmidt,João Felipe Schmidt Urbano,joao-schmidt,SAN,277,Meia,4,Provável,7,5.39,0.0,2.39,0.0,21,29,False,https://s3.glbimg.com/v1/AUTH_58d78b787ec34892b5aaa0c7a146155f/clubes_2025/silhuetas/SAN/FORMATO.png,2,6,0,0,0,30,35,2,7,8,0,0,0,0,1,0,0,0,0,0,0,0
141754,Gabriel Bontempo,Gabriel Morais Silva Bontempo,gabriel-bontempo,SAN,277,Meia,4,Dúvida,2,5.38,-0.29,2.93,0.0,20,29,True,https://s3.glbimg.com/v1/AUTH_58d78b787ec34892b5aaa0c7a146155f/clubes_2025/silhuetas/SAN/FORMATO.png,1,1,0,0,0,25,11,0,4,18,0,1,0,0,0,0,0,0,0,0,0,0
107873,Bobadilla,Damián Josué Bobadilla Benítez,bobadilla,SAO,276,Meia,4,Provável,7,5.38,0.29,3.49,0.6,22,29,True,https://s3.glbimg.com/v1/AUTH_58d78b787ec34892b5aaa0c7a146155f/clubes_2025/silhuetas/SAO/FORMATO.png,1,3,0,0,0,33,28,6,7,10,0,2,0,0,1,0,0,0,0,0,0,0
121668,Bruninho,Bruno César Pereira Silva,bruninho,FOR,356,Meia,4,Nulo,6,5.37,0.0,9.3,0.0,1,29,False,https://s3.glbimg.com/v1/AUTH_58d78b787ec34892b5aaa0c7a146155f/clubes_2025/silhuetas/FOR/FORMATO.png,0,0,0,0,0,5,0,0,1,2,0,0,0,0,0,0,0,0,0,0,0,0
94154,Maycon,Maycon de Andrade Barberan,maycon,COR,264,Meia,4,Suspenso,3,5.34,1.78,2.45,11.0,20,29,True,https://s3.glbimg.com/v1/AUTH_58d78b787ec34892b5aaa0c7a146155f/clubes_2025/silhuetas/COR/FORMATO.png,0,3,0,0,0,17,13,0,5,5,0,3,0,0,0,0,0,0,0,0,0,0
105845,Matheus Araújo,Matheus de Araújo Andrade,matheus-araujo,CEA,354,Meia,4,Nulo,6,5.34,0.0,2.4,0.0,8,29,False,https://s3.glbimg.com/v1/AUTH_58d78b787ec34892b5aaa0c7a146155f/clubes_2025/silhuetas/CEA/FORMATO.png,1,0,0,0,0,2,1,1,1,3,0,1,0,0,0,0,0,0,0,0,0,0
104783,Acevedo,Nicolás Brian Acevedo Tabárez,acevedo,BAH,265,Meia,4,Provável,7,5.32,-0.27,3.08,5.4,21,29,True,https://s3.glbimg.com/v1/AUTH_58d78b787ec34892b5aaa0c7a146155f/clubes_2025/silhuetas/BAH/FORMATO.png,1,3,0,0,0,36,22,6,2,13,0,0,0,0,0,0,0,0,0,0,0,0
100084,Igor Gomes,Igor Silveira Gomes,igor-gomes,CAM,282,Meia,4,Provável,7,5.27,0.2,2.75,1.5,23,29,True,https://s3.glbimg.com/v1/AUTH_58d78b787ec34892b5aaa0c7a146155f/clubes_2025/silhuetas/CAM/FORMATO.png,1,2,0,0,0,12,13,2,6,14,0,4,0,0,1,0,0,0,0,0,0,0
73515,Gabriel,Gabriel Santana Pinto,gabriel,MIR,2305,Meia,4,Contundido,5,5.22,0.0,2.7,0.0,19,29,False,https://s3.glbimg.com/v1/AUTH_58d78b787ec34892b5aaa0c7a146155f/clubes_2025/silhuetas/MIR/FORMATO.png,1,2,0,0,0,4,6,5,6,18,0,3,0,0,6,0,0,0,1,0,0,0
63289,Edenílson,Edenílson Andrade dos Santos,edenilson,GRE,284,Meia,4,Provável,7,5.18,-0.29,2.66,2.2,21,29,True,https://s3.glbimg.com/v1/AUTH_58d78b787ec34892b5aaa0c7a146155f/clubes_2025/silhuetas/GRE/FORMATO.png,1,4,0,0,0,10,13,3,5,23,0,3,0,0,1,0,0,0,1,0,0,0
101733,Pablo Roberto,Pablo Roberto dos Santos Barbosa,pablo-roberto,FOR,356,Meia,4,Nulo,6,5.18,0.0,-1.2,0.0,2,29,False,https://s3.glbimg.com/v1/AUTH_58d78b787ec34892b5aaa0c7a146155f/clubes_2025/silhuetas/FOR/FORMATO.png,0,0,1,0,0,1,3,0,0,0,0,0,0,0,0,0,0,0,0,0,0,0
80196,Yago Pikachu,Glaybson Yago Souza Lisboa,yago-pikachu,FOR,356,Meia,4,Nulo,6,5.17,0.0,2.34,0.0,22,29,False,https://s3.glbimg.com/v1/AUTH_58d78b787ec34892b5aaa0c7a146155f/clubes_2025/silhuetas/FOR/FORMATO.png,1,2,0,0,0,8,8,6,5,16,1,2,0,0,3,0,0,0,1,0,0,0
108683,Emiliano Martínez,Emiliano Martínez Toranza,emiliano-martinez,PAL,275,Meia,4,Provável,7,5.14,0.11,2.85,1.5,20,29,True,https://s3.glbimg.com/v1/AUTH_58d78b787ec34892b5aaa0c7a146155f/clubes_2025/silhuetas/PAL/FORMATO.png,0,3,0,0,0,30,19,4,5,8,0,1,0,0,0,0,0,0,0,0,0,0
106323,Caio Alexandre,Caio Alexandre Souza e Silva,caio-alexandre,BAH,265,Meia,4,Contundido,5,5.13,0.0,2.4,0.0,16,29,False,https://s3.glbimg.com/v1/AUTH_58d78b787ec34892b5aaa0c7a146155f/clubes_2025/silhuetas/BAH/FORMATO.png,1,4,0,0,0,18,28,1,5,27,0,0,0,0,0,0,0,0,0,0,0,0
104693,Newton,Newton Araújo da Costa Júnior,newton,BOT,263,Meia,4,Dúvida,2,5.12,0.96,3.4,5.2,15,29,True,https://s3.glbimg.com/v1/AUTH_58d78b787ec34892b5aaa0c7a146155f/clubes_2025/silhuetas/BOT/FORMATO.png,0,3,0,0,0,23,25,4,6,7,2,1,0,0,1,0,0,0,0,0,0,0
90370,Matheus Pereira,Matheus Pereira da Silva,matheus-pereira,FOR,356,Meia,4,Contundido,5,5.09,0.0,2.57,0.0,12,29,False,https://s3.glbimg.com/v1/AUTH_58d78b787ec34892b5aaa0c7a146155f/clubes_2025/silhuetas/FOR/FORMATO.png,3,3,0,0,0,11,14,2,2,5,0,0,0,0,0,0,0,0,0,0,0,0
141160,Zé Lucas,José Lucas Gomes da Silva,ze-lucas,SPT,292,Meia,4,Nulo,6,5.05,-0.05,2.81,2.0,23,29,True,https://s3.glbimg.com/v1/AUTH_58d78b787ec34892b5aaa0c7a146155f/clubes_2025/silhuetas/SPT/FORMATO.png,0,4,0,0,0,36,29,4,8,25,0,0,0,0,2,0,0,0,0,0,0,0
71162,Vina,Vinícius Goes Barbosa de Souza,vina,CEA,354,Meia,4,Provável,7,4.99,0.02,1.65,2.9,8,29,True,https://s3.glbimg.com/v1/AUTH_58d78b787ec34892b5aaa0c7a146155f/clubes_2025/silhuetas/CEA/FORMATO.png,0,1,0,0,0,2,5,4,3,5,1,0,0,0,0,0,0,0,0,0,0,0
71123,Thiago Mendes,Thiago Henrique Mendes Ribeiro,thiago-mendes,VAS,267,Meia,4,Nulo,6,4.96,0.0,0.2,0.0,3,29,False,https://s3.glbimg.com/v1/AUTH_58d78b787ec34892b5aaa0c7a146155f/clubes_2025/silhuetas/VAS/FORMATO.png,0,1,0,0,0,1,3,0,0,2,0,0,0,0,0,0,0,0,0,0,0,0
89637,Thiago Maia,Thiago Maia Alencar,thiago-maia,INT,285,Meia,4,Provável,7,4.95,-1.34,2.93,-0.1,22,29,True,https://s3.glbimg.com/v1/AUTH_58d78b787ec34892b5aaa0c7a146155f/clubes_2025/silhuetas/INT/FORMATO.png,1,2,0,0,0,30,14,0,2,6,0,2,0,0,0,0,0,0,0,0,0,0
100987,Nonato,Gustavo Nonato Santana,nonato,FLU,266,Meia,4,Nulo,6,4.95,0.0,2.59,0.0,12,29,False,https://s3.glbimg.com/v1/AUTH_58d78b787ec34892b5aaa0c7a146155f/clubes_2025/silhuetas/FLU/FORMATO.png,0,3,0,0,0,13,10,1,3,12,0,1,0,0,0,0,0,0,0,0,0,0
79701,Lucas Silva,Lucas Silva Borges,lucas-silva,CRU,283,Meia,4,Provável,7,4.91,0.18,2.45,1.9,27,29,True,https://s3.glbimg.com/v1/AUTH_58d78b787ec34892b5aaa0c7a146155f/clubes_2025/silhuetas/CRU/FORMATO.png,2,4,0,0,0,23,39,2,8,20,1,2,0,0,0,0,0,0,0,0,0,0
112869,Aníbal Moreno,Aníbal Ismael Moreno,anibal-moreno,PAL,275,Meia,4,Contundido,5,4.91,0.0,2.88,2.0,21,29,True,https://s3.glbimg.com/v1/AUTH_58d78b787ec34892b5aaa0c7a146155f/clubes_2025/silhuetas/PAL/FORMATO.png,1,5,0,0,0,36,15,2,6,7,0,0,0,0,0,0,0,0,0,0,0,0
103388,Emmanuel Martínez,Leandro Emmanuel Martínez,emmanuel-martinez,FOR,356,Meia,4,Nulo,6,4.9,0.0,2.06,0.0,12,29,False,https://s3.glbimg.com/v1/AUTH_58d78b787ec34892b5aaa0c7a146155f/clubes_2025/silhuetas/FOR/FORMATO.png,1,6,0,0,0,9,17,3,1,10,0,1,0,0,1,0,0,0,0,0,0,0
87470,Thaciano,Thaciano Mickael da Silva,thaciano,SAN,277,Meia,4,Nulo,6,4.87,0.0,1.81,0.0,14,29,False,https://s3.glbimg.com/v1/AUTH_58d78b787ec34892b5aaa0c7a146155f/clubes_2025/silhuetas/SAN/FORMATO.png,0,0,0,0,0,8,2,1,3,6,0,1,0,0,7,0,0,0,0,0,0,0
87742,Neto Moura,Antônio Francisco Moura Neto,neto-moura,MIR,2305,Meia,4,Provável,7,4.84,-1.11,3.36,2.2,24,29,True,https://s3.glbimg.com/v1/AUTH_58d78b787ec34892b5aaa0c7a146155f/clubes_2025/silhuetas/MIR/FORMATO.png,0,7,0,0,0,51,26,0,5,16,0,1,0,0,0,0,0,0,0,0,0,0
142484,Barrera,Jordan Andrés Barrera Herrera,barrera,BOT,263,Meia,4,Nulo,6,4.79,0.0,0.5,0.0,1,29,False,https://s3.glbimg.com/v1/AUTH_58d78b787ec34892b5aaa0c7a146155f/clubes_2025/silhuetas/BOT/FORMATO.png,0,0,0,0,0,0,0,0,0,1,0,0,0,0,0,0,0,0,0,0,0,0
96340,Lima,Vinícius Moreira de Lima,lima,FLU,266,Meia,4,Nulo,6,4.79,-0.07,2.27,0.5,21,29,True,https://s3.glbimg.com/v1/AUTH_58d78b787ec34892b5aaa0c7a146155f/clubes_2025/silhuetas/FLU/FORMATO.png,1,2,0,0,0,5,14,4,7,24,1,2,0,0,1,0,0,0,0,0,0,0
104521,Vinícius Zanocelo,Vinícius Nelson de Souza Zanocelo,vinicius-zanocelo,CEA,354,Meia,4,Provável,7,4.78,0.58,2.1,5.9,5,29,True,https://s3.glbimg.com/v1/AUTH_58d78b787ec34892b5aaa0c7a146155f/clubes_2025/silhuetas/CEA/FORMATO.png,0,0,0,0,0,7,11,1,2,1,0,0,0,0,0,0,0,0,0,0,0,0
141451,Allan,Allan Andrade Elias,allan,PAL,275,Meia,4,Suspenso,3,4.77,-1.63,3.18,1.5,19,29,True,https://s3.glbimg.com/v1/AUTH_58d78b787ec34892b5aaa0c7a146155f/clubes_2025/silhuetas/PAL/FORMATO.png,2,0,1,0,0,22,6,4,6,9,0,1,0,0,0,0,0,0,0,0,0,0
86686,Tchê Tchê,Danilo das Neves Pinheiro,tche-tche,VAS,267,Meia,4,Dúvida,2,4.76,1.01,1.82,7.9,20,29,True,https://s3.glbimg.com/v1/AUTH_58d78b787ec34892b5aaa0c7a146155f/clubes_2025/silhuetas/VAS/FORMATO.png,0,1,0,0,0,8,16,1,4,36,0,1,0,0,1,0,0,0,0,0,0,0
115914,Evertton Araújo,Everton Gustavo Fernandes Araújo,evertton-araujo,FLA,262,Meia,4,Nulo,6,4.75,0.0,2.7,0.0,12,29,False,https://s3.glbimg.com/v1/AUTH_58d78b787ec34892b5aaa0c7a146155f/clubes_2025/silhuetas/FLA/FORMATO.png,0,2,0,0,0,14,14,4,1,8,0,1,0,0,0,0,0,0,0,0,0,0
99032,Lourenço,João Paulo Ferreira Lourenço,lourenco,CEA,354,Meia,4,Suspenso,3,4.73,-0.89,3.17,0.8,23,29,True,https://s3.glbimg.com/v1/AUTH_58d78b787ec34892b5aaa0c7a146155f/clubes_2025/silhuetas/CEA/FORMATO.png,1,3,0,0,0,27,27,9,8,19,0,2,0,0,0,0,0,1,0,0,0,0
95357,Rivera,Christian Hernando Rivera Cuéllar,rivera,SPT,292,Meia,4,Nulo,6,4.71,-0.31,2.78,1.3,24,29,True,https://s3.glbimg.com/v1/AUTH_58d78b787ec34892b5aaa0c7a146155f/clubes_2025/silhuetas/SPT/FORMATO.png,0,5,0,0,0,49,55,0,1,28,0,0,0,0,3,0,0,0,0,0,0,0
81091,Jair,Jair Rodrigues Júnior,jair,VAS,267,Meia,4,Contundido,5,4.63,0.0,2.07,0.0,10,29,False,https://s3.glbimg.com/v1/AUTH_58d78b787ec34892b5aaa0c7a146155f/clubes_2025/silhuetas/VAS/FORMATO.png,0,3,0,0,0,14,12,0,1,11,0,0,0,0,0,0,0,0,0,0,0,0
113359,Pablo Maia,Pablo Gonçalves Maia Fortunato,pablo-maia,SAO,276,Meia,4,Nulo,6,4.63,-0.01,1.96,1.4,17,29,True,https://s3.glbimg.com/v1/AUTH_58d78b787ec34892b5aaa0c7a146155f/clubes_2025/silhuetas/SAO/FORMATO.png,0,3,0,0,0,15,22,0,3,16,1,1,0,0,0,0,0,0,0,0,0,0
94931,Lucas Fernandes,Lucas Fernandes da Silva,lucas-fernandes,JUV,286,Meia,4,Nulo,6,4.58,0.0,2.04,0.0,5,29,False,https://s3.glbimg.com/v1/AUTH_58d78b787ec34892b5aaa0c7a146155f/clubes_2025/silhuetas/JUV/FORMATO.png,0,0,0,0,0,5,5,1,2,3,0,0,0,0,1,0,0,0,0,0,0,0
145387,Rúben Ismael,Rúben Ismael Valente Ramos,ruben-ismael,VIT,287,Meia,4,Nulo,6,4.56,0.0,0.0,0.0,1,29,False,https://s3.glbimg.com/v1/AUTH_58d78b787ec34892b5aaa0c7a146155f/clubes_2025/silhuetas/VIT/FORMATO.png,0,0,0,0,0,0,0,0,0,0,0,0,0,0,0,0,0,0,0,0,0,0
85034,Óscar Romero,Óscar David Romero Villamayor,oscar-romero,INT,285,Meia,4,Nulo,6,4.55,0.0,1.7,0.0,14,29,False,https://s3.glbimg.com/v1/AUTH_58d78b787ec34892b5aaa0c7a146155f/clubes_2025/silhuetas/INT/FORMATO.png,1,3,0,0,0,7,6,1,5,18,0,0,0,0,0,0,0,0,0,0,0,0
145099,Rúben Rodrigues,Rúben da Rocha Rodrigues,ruben-rodrigues,VIT,287,Meia,4,Nulo,6,4.53,0.0,1.18,0.0,4,29,False,https://s3.glbimg.com/v1/AUTH_58d78b787ec34892b5aaa0c7a146155f/clubes_2025/silhuetas/VIT/FORMATO.png,0,0,0,0,0,2,0,1,0,1,0,0,0,0,0,0,0,0,0,0,0,0
130048,Noriega,Erick Carlos Noriega Loret de Mola,noriega,GRE,284,Meia,4,Provável,7,4.51,-0.42,2.08,1.2,8,29,True,https://s3.glbimg.com/v1/AUTH_58d78b787ec34892b5aaa0c7a146155f/clubes_2025/silhuetas/GRE/FORMATO.png,0,0,0,0,0,10,6,0,3,6,0,0,0,0,0,0,0,0,0,0,0,0
101573,Pepê,João Pedro Vilardi Pinto,pepe,VIT,287,Meia,4,Nulo,6,4.5,0.0,2.26,0.0,13,29,False,https://s3.glbimg.com/v1/AUTH_58d78b787ec34892b5aaa0c7a146155f/clubes_2025/silhuetas/VIT/FORMATO.png,0,3,1,0,0,20,22,1,1,20,0,0,0,0,0,0,0,0,0,0,0,0
101594,Hugo Moura,Hugo Moura Arruda da Silva,hugo-moura,VAS,267,Meia,4,Dúvida,2,4.45,0.0,2.24,0.0,23,29,False,https://s3.glbimg.com/v1/AUTH_58d78b787ec34892b5aaa0c7a146155f/clubes_2025/silhuetas/VAS/FORMATO.png,1,5,1,0,0,35,34,5,5,11,0,0,1,0,0,0,0,0,0,0,0,0
111757,Ryan Guilherme,Ryan Guilherme da Silva Pae,ryan-guilherme,CRU,283,Meia,4,Nulo,6,4.43,0.0,4.5,0.0,1,29,False,https://s3.glbimg.com/v1/AUTH_58d78b787ec34892b5aaa0c7a146155f/clubes_2025/silhuetas/CRU/FORMATO.png,0,0,0,0,0,3,0,0,0,0,0,0,0,0,0,0,0,0,0,0,0,0
123788,Lezcano,Rubén Darío Lezcano Portillo,lezcano,FLU,266,Meia,4,Nulo,6,4.31,0.0,0.87,0.0,4,29,False,https://s3.glbimg.com/v1/AUTH_58d78b787ec34892b5aaa0c7a146155f/clubes_2025/silhuetas/FLU/FORMATO.png,0,0,0,0,0,1,0,0,0,4,0,0,0,0,0,0,0,0,0,0,0,0
124271,Gustavo Prado,Gustavo Prado Alves,gustavo-prado,INT,285,Meia,4,Nulo,6,4.3,0.0,2.61,0.0,13,29,False,https://s3.glbimg.com/v1/AUTH_58d78b787ec34892b5aaa0c7a146155f/clubes_2025/silhuetas/INT/FORMATO.png,0,2,0,0,0,7,5,6,8,11,0,1,0,0,1,0,0,0,0,0,0,0
81845,Alisson,Alisson Euler de Freitas Castro,alisson,SAO,276,Meia,4,Nulo,6,4.29,-0.17,1.87,0.0,23,29,True,https://s3.glbimg.com/v1/AUTH_58d78b787ec34892b5aaa0c7a146155f/clubes_2025/silhuetas/SAO/FORMATO.png,1,4,0,0,0,15,17,6,4,29,0,0,0,0,1,0,0,0,0,0,0,0
73781,Guilherme Marques,Guilherme Costa Marques,guilherme-marques,MIR,2305,Meia,4,Provável,7,4.28,0.11,1.62,3.2,5,29,True,https://s3.glbimg.com/v1/AUTH_58d78b787ec34892b5aaa0c7a146155f/clubes_2025/silhuetas/MIR/FORMATO.png,0,1,0,0,0,4,5,0,2,6,0,0,0,0,0,0,0,0,0,0,0,0
82407,Chico Kim,Francisco Hyun-Sol Kim,chico-kim,MIR,2305,Meia,4,Nulo,6,4.18,0.0,1.6,0.0,11,29,False,https://s3.glbimg.com/v1/AUTH_58d78b787ec34892b5aaa0c7a146155f/clubes_2025/silhuetas/MIR/FORMATO.png,0,1,0,0,0,8,6,1,1,11,0,0,0,0,0,0,0,0,1,0,0,0
38913,Nenê,Anderson Luis de Carvalho - Luiz,nene,JUV,286,Meia,4,Nulo,6,4.1,-0.19,2.44,0.0,16,29,True,https://s3.glbimg.com/v1/AUTH_58d78b787ec34892b5aaa0c7a146155f/clubes_2025/silhuetas/JUV/FORMATO.png,3,1,0,0,0,2,3,2,3,20,0,1,0,0,0,0,0,0,0,0,0,0
39656,Alan Franco,Alan Steven Franco Palma,alan-franco,CAM,282,Meia,4,Dúvida,2,4.07,-0.37,1.78,-0.7,21,29,True,https://s3.glbimg.com/v1/AUTH_58d78b787ec34892b5aaa0c7a146155f/clubes_2025/silhuetas/CAM/FORMATO.png,0,3,0,0,0,28,32,0,2,13,0,0,0,0,0,0,0,0,0,0,0,0
110542,Yeison Guzmán,Yeison Estiven Guzmán Gómez,yeison-guzman,FOR,356,Meia,4,Nulo,6,4.07,0.0,1.47,0.0,4,29,False,https://s3.glbimg.com/v1/AUTH_58d78b787ec34892b5aaa0c7a146155f/clubes_2025/silhuetas/FOR/FORMATO.png,0,0,0,0,0,3,2,0,0,4,0,0,0,0,0,0,0,0,0,0,0,0
84428,Fernando Sobral,Fernando Pereira do Nascimento,fernando-sobral,CEA,354,Meia,4,Provável,7,4.05,-0.95,1.56,1.5,23,29,True,https://s3.glbimg.com/v1/AUTH_58d78b787ec34892b5aaa0c7a146155f/clubes_2025/silhuetas/CEA/FORMATO.png,0,7,0,0,0,22,28,0,4,14,0,1,0,0,1,0,0,0,0,0,0,0
110311,José Martínez,José Andrés Martínez Torres,jose-martinez,COR,264,Meia,4,Provável,7,4.02,0.0,2.2,0.0,18,29,False,https://s3.glbimg.com/v1/AUTH_58d78b787ec34892b5aaa0c7a146155f/clubes_2025/silhuetas/COR/FORMATO.png,1,8,0,0,0,19,14,2,5,26,0,0,0,0,1,0,0,0,0,0,0,0
89883,Dodi,Douglas Moreira Fagundes,dodi,GRE,284,Meia,4,Dúvida,2,4.01,0.0,1.89,0.0,22,29,False,https://s3.glbimg.com/v1/AUTH_58d78b787ec34892b5aaa0c7a146155f/clubes_2025/silhuetas/GRE/FORMATO.png,0,6,1,0,0,28,29,0,3,32,0,0,0,0,0,0,0,0,0,0,0,0
89285,Matheus Sales,Matheus de Sales Cabral,matheus-sales,MIR,2305,Meia,4,Nulo,6,4.0,0.0,0.0,0.0,0,29,False,https://s3.glbimg.com/v1/AUTH_58d78b787ec34892b5aaa0c7a146155f/clubes_2025/silhuetas/MIR/FORMATO.png,0,0,0,0,0,0,0,0,0,0,0,0,0,0,0,0,0,0,0,0,0,0
125469,Alisson,Alisson Santana Lopes da Fonseca,alisson,CAM,282,Meia,4,Nulo,6,4.0,0.0,0.0,0.0,0,29,False,https://s3.glbimg.com/v1/AUTH_58d78b787ec34892b5aaa0c7a146155f/clubes_2025/silhuetas/CAM/FORMATO.png,0,0,0,0,0,0,0,0,0,0,0,0,0,0,0,0,0,0,0,0,0,0
85931,Hyoran,Hyoran Kaue Dalmoro,hyoran,SPT,292,Meia,4,Provável,7,3.99,0.0,1.95,0.0,7,29,False,https://s3.glbimg.com/v1/AUTH_58d78b787ec34892b5aaa0c7a146155f/clubes_2025/silhuetas/SPT/FORMATO.png,1,2,0,0,0,3,15,2,3,6,1,0,0,0,1,0,0,0,0,0,0,0
107744,Praxedes,Bruno Conceição Praxedes,praxedes,RBB,280,Meia,4,Nulo,6,3.96,-0.42,1.67,0.0,10,29,True,https://s3.glbimg.com/v1/AUTH_58d78b787ec34892b5aaa0c7a146155f/clubes_2025/silhuetas/RBB/FORMATO.png,0,2,0,0,0,5,6,2,7,10,0,0,0,0,0,0,0,0,0,0,0,0
126182,Paulinho,Paulo Lucas Santos de Paula,paulinho,VAS,267,Meia,4,Contundido,5,3.95,0.0,0.53,0.0,8,29,False,https://s3.glbimg.com/v1/AUTH_58d78b787ec34892b5aaa0c7a146155f/clubes_2025/silhuetas/VAS/FORMATO.png,0,1,0,0,0,4,11,0,0,5,0,0,0,0,0,0,0,0,0,0,0,0
141526,Lucca Prior,Lucca Prior Pimenta,lucca-prior,FOR,356,Meia,4,Nulo,6,3.93,0.0,3.41,0.0,11,29,False,https://s3.glbimg.com/v1/AUTH_58d78b787ec34892b5aaa0c7a146155f/clubes_2025/silhuetas/FOR/FORMATO.png,0,1,0,0,0,10,12,2,3,13,0,2,0,0,2,0,0,0,0,0,0,0
81952,Willian Oliveira,Willian Osmar de Oliveira Silva,willian-oliveira,VIT,287,Meia,4,Nulo,6,3.93,-0.77,2.38,-1.9,12,29,True,https://s3.glbimg.com/v1/AUTH_58d78b787ec34892b5aaa0c7a146155f/clubes_2025/silhuetas/VIT/FORMATO.png,0,5,0,0,0,18,19,1,7,11,0,0,0,0,0,0,0,0,0,0,0,0
112906,Sforza,Juan Sebastián Sforza,sforza,JUV,286,Meia,4,Nulo,6,3.91,0.0,1.22,0.0,5,29,False,https://s3.glbimg.com/v1/AUTH_58d78b787ec34892b5aaa0c7a146155f/clubes_2025/silhuetas/JUV/FORMATO.png,0,0,0,0,0,4,4,0,1,1,0,0,0,0,0,0,0,0,0,0,0,0
94067,Matheus Fernandes,Matheus Fernandes Siqueira,matheus-fernandes,RBB,280,Meia,4,Nulo,6,3.88,-0.45,1.48,-0.6,14,29,True,https://s3.glbimg.com/v1/AUTH_58d78b787ec34892b5aaa0c7a146155f/clubes_2025/silhuetas/RBB/FORMATO.png,0,2,0,0,0,15,15,1,3,2,0,0,0,0,0,0,0,0,0,0,0,0
90588,Caíque,Caique de Jesus Gonçalves,caique,JUV,286,Meia,4,Provável,7,3.84,-0.28,2.09,-0.4,18,29,True,https://s3.glbimg.com/v1/AUTH_58d78b787ec34892b5aaa0c7a146155f/clubes_2025/silhuetas/JUV/FORMATO.png,0,6,0,0,0,27,34,0,1,27,0,0,0,0,0,0,0,0,0,0,0,0
86859,José Welison,José Welison da Silva,jose-welison,FOR,356,Meia,4,Nulo,6,3.82,0.0,1.89,0.0,9,29,False,https://s3.glbimg.com/v1/AUTH_58d78b787ec34892b5aaa0c7a146155f/clubes_2025/silhuetas/FOR/FORMATO.png,0,3,0,0,0,12,7,0,2,5,0,0,0,0,0,0,0,0,0,0,0,0
87747,Yago Felipe,Yago Felipe da Costa Rocha,yago-felipe,MIR,2305,Meia,4,Nulo,6,3.78,-0.29,1.7,-1.3,15,29,True,https://s3.glbimg.com/v1/AUTH_58d78b787ec34892b5aaa0c7a146155f/clubes_2025/silhuetas/MIR/FORMATO.png,1,3,0,0,0,10,11,0,3,19,0,0,0,0,0,0,0,0,0,0,0,0
130650,Bernal,Facundo Bernal Cruz,bernal,FLU,266,Meia,4,Nulo,6,3.77,0.0,2.36,0.0,14,29,False,https://s3.glbimg.com/v1/AUTH_58d78b787ec34892b5aaa0c7a146155f/clubes_2025/silhuetas/FLU/FORMATO.png,0,5,0,0,0,21,14,4,5,10,0,0,1,0,0,0,0,0,0,0,0,0
97520,Shaylon,Shaylon Kallyson Cardozo - Cardoso,shaylon,MIR,2305,Meia,4,Nulo,6,3.7,-0.62,0.52,-0.3,5,29,True,https://s3.glbimg.com/v1/AUTH_58d78b787ec34892b5aaa0c7a146155f/clubes_2025/silhuetas/MIR/FORMATO.png,0,0,0,0,0,1,3,1,1,0,0,0,0,0,0,0,0,0,0,0,0,0
106294,Marcos Antônio,Marcos Antônio Silva Santos,marcos-antonio,SAO,276,Meia,4,Provável,7,3.7,-0.32,1.97,0.4,21,29,True,https://s3.glbimg.com/v1/AUTH_58d78b787ec34892b5aaa0c7a146155f/clubes_2025/silhuetas/SAO/FORMATO.png,3,4,0,0,0,13,21,1,6,23,0,0,0,0,1,0,0,0,0,0,0,0
105068,Reinier,Reinier Jesus Carvalho,reinier,CAM,282,Meia,4,Nulo,6,3.66,0.0,1.66,0.0,7,29,False,https://s3.glbimg.com/v1/AUTH_58d78b787ec34892b5aaa0c7a146155f/clubes_2025/silhuetas/CAM/FORMATO.png,0,2,0,0,0,5,4,1,2,3,1,0,0,0,0,0,0,0,0,0,0,0
86711,Richard,Richard Cândido Coelho,richard,INT,285,Meia,4,Nulo,6,3.62,0.0,1.2,0.0,4,29,False,https://s3.glbimg.com/v1/AUTH_58d78b787ec34892b5aaa0c7a146155f/clubes_2025/silhuetas/INT/FORMATO.png,0,0,0,0,0,2,5,0,1,5,0,0,0,0,0,0,0,0,0,0,0,0
107812,Pierre,Pierre Wagner Oliveira dos Santos,pierre,FOR,356,Meia,4,Provável,7,3.59,-0.14,1.13,1.5,3,29,True,https://s3.glbimg.com/v1/AUTH_58d78b787ec34892b5aaa0c7a146155f/clubes_2025/silhuetas/FOR/FORMATO.png,0,1,0,0,0,3,2,0,0,1,0,0,0,0,0,0,0,0,0,0,0,0
92981,Ronaldo,Ronaldo da Silva Souza Guerrero,ronaldo,INT,285,Meia,4,Nulo,6,3.58,-0.12,1.8,0.7,14,29,True,https://s3.glbimg.com/v1/AUTH_58d78b787ec34892b5aaa0c7a146155f/clubes_2025/silhuetas/INT/FORMATO.png,0,4,1,0,0,22,21,2,2,3,0,0,0,0,2,0,0,0,0,0,0,0
100969,Ronald Lopes,Ronald dos Santos Lopes,ronald-lopes,VIT,287,Meia,4,Provável,7,3.58,0.2,2.3,0.3,25,29,True,https://s3.glbimg.com/v1/AUTH_58d78b787ec34892b5aaa0c7a146155f/clubes_2025/silhuetas/VIT/FORMATO.png,2,5,0,0,0,29,34,5,3,22,0,0,0,0,3,0,0,0,0,0,0,0
90449,Rezende,Júlio César de Rezende Miranda,rezende,BAH,265,Meia,4,Nulo,6,3.57,0.0,1.48,0.0,9,29,False,https://s3.glbimg.com/v1/AUTH_58d78b787ec34892b5aaa0c7a146155f/clubes_2025/silhuetas/BAH/FORMATO.png,0,0,0,0,0,8,9,0,0,8,0,0,0,0,0,0,0,0,0,0,0,0
109966,Monsalve,Miguel Ángel Monsalve Gonzáles - González,monsalve,GRE,284,Meia,4,Nulo,6,3.55,0.0,1.41,0.0,8,29,False,https://s3.glbimg.com/v1/AUTH_58d78b787ec34892b5aaa0c7a146155f/clubes_2025/silhuetas/GRE/FORMATO.png,1,2,0,0,0,3,9,1,1,9,0,0,0,0,0,0,0,0,0,0,0,0
69140,Allan,Allan Marques Loureiro,allan,BOT,263,Meia,4,Nulo,6,3.54,-0.15,1.66,0.9,15,29,True,https://s3.glbimg.com/v1/AUTH_58d78b787ec34892b5aaa0c7a146155f/clubes_2025/silhuetas/BOT/FORMATO.png,0,5,0,0,0,20,22,1,1,9,0,0,0,0,0,0,0,0,0,0,0,0
136306,Luis Otávio,Luis Otávio Costa de Aquino,luis-otavio,INT,285,Meia,4,Provável,7,3.53,0.0,2.04,0.0,14,29,False,https://s3.glbimg.com/v1/AUTH_58d78b787ec34892b5aaa0c7a146155f/clubes_2025/silhuetas/INT/FORMATO.png,0,0,0,0,0,14,5,2,1,12,0,0,0,0,1,0,0,0,0,0,0,0
104519,Camilo,Camilo Reijers de Oliveira,camilo,GRE,284,Meia,4,Nulo,6,3.44,-0.16,1.74,0.5,13,29,True,https://s3.glbimg.com/v1/AUTH_58d78b787ec34892b5aaa0c7a146155f/clubes_2025/silhuetas/GRE/FORMATO.png,0,1,0,0,0,17,18,2,2,1,0,0,0,0,0,0,0,0,0,0,0,0
116034,Victor Hugo,Victor Hugo Gomes Silva,victor-hugo,SAN,277,Meia,4,Dúvida,2,3.38,-0.68,1.34,0.0,5,29,True,https://s3.glbimg.com/v1/AUTH_58d78b787ec34892b5aaa0c7a146155f/clubes_2025/silhuetas/SAN/FORMATO.png,0,0,0,0,0,3,1,1,1,1,0,0,0,0,0,0,0,0,0,0,0,0
141453,Atencio,Rodrigo Uriel Atencio,atencio,SPT,292,Meia,4,Nulo,6,3.37,0.32,0.91,2.6,16,29,True,https://s3.glbimg.com/v1/AUTH_58d78b787ec34892b5aaa0c7a146155f/clubes_2025/silhuetas/SPT/FORMATO.png,0,1,0,0,0,1,5,4,6,6,1,0,0,0,0,0,0,0,0,0,0,0
95662,Lucas Kal,Lucas Kal Schenfeld Prigioli,lucas-kal,SPT,292,Meia,4,Nulo,6,3.36,0.0,-0.2,0.0,3,29,False,https://s3.glbimg.com/v1/AUTH_58d78b787ec34892b5aaa0c7a146155f/clubes_2025/silhuetas/SPT/FORMATO.png,0,0,0,0,0,0,2,0,0,0,0,0,0,0,0,0,0,0,0,0,0,0
72460,Bernard,Bernard Anício Caldeira Duarte,bernard,CAM,282,Meia,4,Provável,7,3.35,-0.42,1.02,-0.3,19,29,True,https://s3.glbimg.com/v1/AUTH_58d78b787ec34892b5aaa0c7a146155f/clubes_2025/silhuetas/CAM/FORMATO.png,0,1,0,0,0,12,12,1,3,5,0,0,0,0,1,0,0,0,0,0,0,0
74187,Rincón,Tomás Eduardo Rincón Hernández,rincon,SAN,277,Meia,4,Nulo,6,3.28,0.0,1.27,0.0,16,29,False,https://s3.glbimg.com/v1/AUTH_58d78b787ec34892b5aaa0c7a146155f/clubes_2025/silhuetas/SAN/FORMATO.png,0,4,1,0,0,17,24,0,7,7,0,0,0,0,0,0,0,0,0,0,0,0
122990,Patrick,Patrick Roberto da Silva Campos,patrick,CAM,282,Meia,4,Nulo,6,3.24,0.0,2.6,0.0,3,29,False,https://s3.glbimg.com/v1/AUTH_58d78b787ec34892b5aaa0c7a146155f/clubes_2025/silhuetas/CAM/FORMATO.png,0,0,0,0,0,4,3,1,0,3,0,0,0,0,0,0,0,0,0,0,0,0
68708,Eduardo,Carlos Eduardo de Oliveira Alves,eduardo,CRU,283,Meia,4,Nulo,6,3.21,-0.17,1.32,0.0,22,29,True,https://s3.glbimg.com/v1/AUTH_58d78b787ec34892b5aaa0c7a146155f/clubes_2025/silhuetas/CRU/FORMATO.png,0,1,1,0,0,12,17,2,4,11,0,1,0,0,1,0,0,0,1,0,0,0
105903,José Aldo,José Aldo Soares de Oliveira Filho,jose-aldo,MIR,2305,Meia,4,Nulo,6,3.21,-0.01,1.84,0.0,22,29,True,https://s3.glbimg.com/v1/AUTH_58d78b787ec34892b5aaa0c7a146155f/clubes_2025/silhuetas/MIR/FORMATO.png,0,3,0,0,0,21,24,6,7,13,0,0,0,0,1,0,0,0,0,0,0,0
122396,Ryan,Ryan Gustavo de Lima,ryan,COR,264,Meia,4,Nulo,6,3.16,-0.22,1.59,0.0,15,29,True,https://s3.glbimg.com/v1/AUTH_58d78b787ec34892b5aaa0c7a146155f/clubes_2025/silhuetas/COR/FORMATO.png,0,1,0,0,0,14,11,0,0,14,0,0,0,0,0,0,0,0,0,0,0,0
118752,Mateus Carvalho,Mateus Carvalho dos Santos,mateus-carvalho,VAS,267,Meia,4,Nulo,6,3.13,0.02,0.85,0.5,15,29,True,https://s3.glbimg.com/v1/AUTH_58d78b787ec34892b5aaa0c7a146155f/clubes_2025/silhuetas/VAS/FORMATO.png,0,1,0,0,0,9,16,0,3,5,0,0,0,0,0,0,0,0,0,0,0,0
86766,Matheus Rossetto,Matheus Rossetto,matheus-rossetto,FOR,356,Meia,4,Nulo,6,3.09,0.0,0.81,0.0,12,29,False,https://s3.glbimg.com/v1/AUTH_58d78b787ec34892b5aaa0c7a146155f/clubes_2025/silhuetas/FOR/FORMATO.png,0,0,0,0,0,6,3,0,0,3,0,0,0,0,0,0,0,0,0,0,0,0
104640,Matheus Bianqui,Matheus Henrique Bianqui,matheus-bianqui,MIR,2305,Meia,4,Nulo,6,3.06,-0.28,1.3,1.2,13,29,True,https://s3.glbimg.com/v1/AUTH_58d78b787ec34892b5aaa0c7a146155f/clubes_2025/silhuetas/MIR/FORMATO.png,0,1,0,0,0,7,8,2,5,1,1,0,0,0,0,0,0,0,0,0,0,0
102909,Luan Vinícius,Luan Vinícius da Silva Santos,luan-vinicius,SAO,276,Meia,4,Contundido,5,3.04,0.0,0.78,0.0,6,29,False,https://s3.glbimg.com/v1/AUTH_58d78b787ec34892b5aaa0c7a146155f/clubes_2025/silhuetas/SAO/FORMATO.png,0,0,0,0,0,2,6,1,1,3,0,0,0,0,0,0,0,0,0,0,0,0
118563,Rodriguinho,Rodrigo Huendra Almeida Mendonça,rodriguinho,SAO,276,Meia,4,Provável,7,3.04,0.0,2.16,0.0,18,29,False,https://s3.glbimg.com/v1/AUTH_58d78b787ec34892b5aaa0c7a146155f/clubes_2025/silhuetas/SAO/FORMATO.png,1,5,0,0,0,15,16,5,13,4,1,0,0,0,3,0,0,0,0,0,0,0
111682,Adson,Adson Ferreira Soares,adson,VAS,267,Meia,4,Contundido,5,3.01,0.0,0.85,0.0,9,29,False,https://s3.glbimg.com/v1/AUTH_58d78b787ec34892b5aaa0c7a146155f/clubes_2025/silhuetas/VAS/FORMATO.png,0,0,0,0,0,3,1,2,0,2,0,0,0,0,0,0,0,0,0,0,0,0
91627,Dudu Vieira,Carlos Eduardo de Souza Vieira,dudu-vieira,JUV,286,Meia,4,Nulo,6,3.0,0.0,0.0,0.0,0,29,False,https://s3.glbimg.com/v1/AUTH_58d78b787ec34892b5aaa0c7a146155f/clubes_2025/silhuetas/JUV/FORMATO.png,0,0,0,0,0,0,0,0,0,0,0,0,0,0,0,0,0,0,0,0,0,0
98306,Val Soares,Valdemir de Oliveira Soares,val-soares,VIT,287,Meia,4,Contundido,5,3.0,0.0,0.0,0.0,0,29,False,https://s3.glbimg.com/v1/AUTH_58d78b787ec34892b5aaa0c7a146155f/clubes_2025/silhuetas/VIT/FORMATO.png,0,0,0,0,0,0,0,0,0,0,0,0,0,0,0,0,0,0,0,0,0,0
101768,Jean David,Jean David Meneses Villarroel,jean-david,VAS,267,Meia,4,Nulo,6,3.0,0.0,0.0,0.0,0,29,False,https://s3.glbimg.com/v1/AUTH_58d78b787ec34892b5aaa0c7a146155f/clubes_2025/silhuetas/VAS/FORMATO.png,0,0,0,0,0,0,0,0,0,0,0,0,0,0,0,0,0,0,0,0,0,0
122660,Japa,João Wellington Gadelha Melo de Oliveira,japa,CRU,283,Meia,4,Nulo,6,3.0,0.0,0.0,0.0,0,29,False,https://s3.glbimg.com/v1/AUTH_58d78b787ec34892b5aaa0c7a146155f/clubes_2025/silhuetas/CRU/FORMATO.png,0,0,0,0,0,0,0,0,0,0,0,0,0,0,0,0,0,0,0,0,0,0
130255,Guilherme Estrella,Guilherme Estrella de Paiva,guilherme-estrella,VAS,267,Meia,4,Nulo,6,3.0,0.0,0.0,0.0,0,29,False,https://s3.glbimg.com/v1/AUTH_58d78b787ec34892b5aaa0c7a146155f/clubes_2025/silhuetas/VAS/FORMATO.png,0,0,0,0,0,0,0,0,0,0,0,0,0,0,0,0,0,0,0,0,0,0
96342,Charles,Charles Rigon Mattos,charles,COR,264,Meia,4,Dúvida,2,2.95,-0.01,1.37,0.0,12,29,True,https://s3.glbimg.com/v1/AUTH_58d78b787ec34892b5aaa0c7a146155f/clubes_2025/silhuetas/COR/FORMATO.png,0,2,0,0,0,15,17,1,0,2,0,0,0,0,2,0,0,0,0,0,0,0
111760,Fabinho,Fábio Silva de Freitas,fabinho,RBB,280,Meia,4,Nulo,6,2.94,0.0,1.67,0.0,22,29,False,https://s3.glbimg.com/v1/AUTH_58d78b787ec34892b5aaa0c7a146155f/clubes_2025/silhuetas/RBB/FORMATO.png,1,3,0,0,0,19,21,2,5,12,0,0,0,0,0,0,0,0,0,0,0,0
100085,Pedro Augusto,Pedro Augusto Borges da Costa,pedro-augusto,SPT,292,Meia,4,Provável,7,2.88,0.0,1.48,0.0,10,29,False,https://s3.glbimg.com/v1/AUTH_58d78b787ec34892b5aaa0c7a146155f/clubes_2025/silhuetas/SPT/FORMATO.png,0,3,1,0,0,12,9,1,1,7,0,0,0,0,0,0,0,0,0,0,0,0
145744,André,André Luiz Santos Dias,andre,COR,264,Meia,4,Contundido,5,2.86,0.0,3.2,0.0,4,29,False,https://s3.glbimg.com/v1/AUTH_58d78b787ec34892b5aaa0c7a146155f/clubes_2025/silhuetas/COR/FORMATO.png,0,0,0,0,0,3,4,0,0,3,0,1,0,0,0,0,0,0,0,0,0,0
122394,Gustavinho,Gustavo Ribeiro Neves,gustavinho,RBB,280,Meia,4,Nulo,6,2.81,0.0,1.0,0.0,10,29,False,https://s3.glbimg.com/v1/AUTH_58d78b787ec34892b5aaa0c7a146155f/clubes_2025/silhuetas/RBB/FORMATO.png,0,0,0,0,0,4,5,1,1,1,1,0,0,0,0,0,0,0,0,0,0,0
85856,Ricardo Ryller,Ricardo Ryller Ribeiro Lino Silva,ricardo-ryller,VIT,287,Meia,4,Nulo,6,2.69,0.0,1.3,0.0,16,29,False,https://s3.glbimg.com/v1/AUTH_58d78b787ec34892b5aaa0c7a146155f/clubes_2025/silhuetas/VIT/FORMATO.png,0,3,0,0,0,15,28,4,2,7,0,0,0,0,1,0,0,0,0,0,0,0
127242,Bahia,Luiz Gustavo Lemos Carvalho,bahia,COR,264,Meia,4,Nulo,6,2.65,0.0,2.9,0.0,2,29,False,https://s3.glbimg.com/v1/AUTH_58d78b787ec34892b5aaa0c7a146155f/clubes_2025/silhuetas/COR/FORMATO.png,0,0,0,0,0,3,0,0,1,1,0,0,0,0,0,0,0,0,0,0,0,0
88479,Walace,Walace Souza Silva,walace,CRU,283,Meia,4,Nulo,6,2.64,-0.12,0.51,0.0,10,29,True,https://s3.glbimg.com/v1/AUTH_58d78b787ec34892b5aaa0c7a146155f/clubes_2025/silhuetas/CRU/FORMATO.png,0,2,0,0,0,6,8,0,0,1,0,0,0,0,0,0,0,0,0,0,0,0
85465,Alex Santana,Alex Paulo Menezes Santana,alex-santana,GRE,284,Meia,4,Contundido,5,2.62,0.0,0.15,0.0,10,29,False,https://s3.glbimg.com/v1/AUTH_58d78b787ec34892b5aaa0c7a146155f/clubes_2025/silhuetas/GRE/FORMATO.png,0,5,0,0,0,1,12,0,4,11,0,0,0,0,1,0,0,0,0,0,0,0
130889,Riquelme,Riquelme Freitas dos Santos,riquelme,GRE,284,Meia,4,Nulo,6,2.62,0.0,1.86,0.0,9,29,False,https://s3.glbimg.com/v1/AUTH_58d78b787ec34892b5aaa0c7a146155f/clubes_2025/silhuetas/GRE/FORMATO.png,0,0,0,0,0,6,2,1,2,11,0,0,0,0,0,0,0,0,0,0,0,0
105337,Lucas Lima,Lucas Eduardo Lima da Silva,lucas-lima,CEA,354,Meia,4,Nulo,6,2.56,0.0,0.95,0.0,10,29,False,https://s3.glbimg.com/v1/AUTH_58d78b787ec34892b5aaa0c7a146155f/clubes_2025/silhuetas/CEA/FORMATO.png,0,0,0,0,0,5,1,0,1,3,0,0,0,0,0,0,0,0,0,0,0,0
141139,Mateus Iseppe,Mateus José Iseppe,mateus-iseppe,CAM,282,Meia,4,Nulo,6,2.53,0.0,2.0,0.0,1,29,False,https://s3.glbimg.com/v1/AUTH_58d78b787ec34892b5aaa0c7a146155f/clubes_2025/silhuetas/CAM/FORMATO.png,0,0,0,0,0,1,0,0,0,1,0,0,0,0,0,0,0,0,0,0,0,0
86536,Richardson,Richardson Fernandes dos Santos,richardson,CEA,354,Meia,4,Nulo,6,2.31,0.0,0.79,0.0,12,29,False,https://s3.glbimg.com/v1/AUTH_58d78b787ec34892b5aaa0c7a146155f/clubes_2025/silhuetas/CEA/FORMATO.png,0,3,0,0,0,7,10,1,1,6,0,0,0,0,0,0,0,0,0,0,0,0
96652,Allan,Allan Rodrigues de Souza,allan,FLA,262,Meia,4,Nulo,6,2.22,0.0,0.56,0.0,13,29,False,https://s3.glbimg.com/v1/AUTH_58d78b787ec34892b5aaa0c7a146155f/clubes_2025/silhuetas/FLA/FORMATO.png,0,2,0,0,0,5,19,2,2,7,0,0,0,0,0,0,0,0,0,0,0,0
124674,Felipe Negrucci,Felipe Negrucci Berdague,felipe-negrucci,SAO,276,Meia,4,Nulo,6,2.22,0.0,0.95,0.0,2,29,False,https://s3.glbimg.com/v1/AUTH_58d78b787ec34892b5aaa0c7a146155f/clubes_2025/silhuetas/SAO/FORMATO.png,0,0,0,0,0,1,3,0,1,1,0,0,0,0,0,0,0,0,0,0,0,0
129317,Felipe Cardoso,Felipe Cardoso,felipe-cardoso,VIT,287,Meia,4,Nulo,6,2.21,0.0,0.97,0.0,3,29,False,https://s3.glbimg.com/v1/AUTH_58d78b787ec34892b5aaa0c7a146155f/clubes_2025/silhuetas/VIT/FORMATO.png,0,0,0,0,0,1,1,1,0,1,0,0,0,0,0,0,0,0,0,0,0,0
133696,Wallace Davi,Wallace Davi Nunes da Silva Dias,wallace-davi,FLU,266,Meia,4,Nulo,6,2.0,0.0,0.0,0.0,0,29,False,https://s3.glbimg.com/v1/AUTH_58d78b787ec34892b5aaa0c7a146155f/clubes_2025/silhuetas/FLU/FORMATO.png,0,0,0,0,0,0,0,0,0,0,0,0,0,0,0,0,0,0,0,0,0,0
139001,Figueiredo,Vitor dos Santos Figueiredo,figueiredo,PAL,275,Meia,4,Contundido,5,2.0,0.0,0.0,0.0,0,29,False,https://s3.glbimg.com/v1/AUTH_58d78b787ec34892b5aaa0c7a146155f/clubes_2025/silhuetas/PAL/FORMATO.png,0,0,0,0,0,0,0,0,0,0,0,0,0,0,0,0,0,0,0,0,0,0
141158,Breno,Breno José da Silva Santos,breno,SPT,292,Meia,4,Nulo,6,2.0,0.0,0.0,0.0,0,29,False,https://s3.glbimg.com/v1/AUTH_58d78b787ec34892b5aaa0c7a146155f/clubes_2025/silhuetas/SPT/FORMATO.png,0,0,0,0,0,0,0,0,0,0,0,0,0,0,0,0,0,0,0,0,0,0
142445,Wanderson Papaterra,Wanderson Papaterra Matos,wanderson-papaterra,VIT,287,Meia,4,Nulo,6,2.0,0.0,0.0,0.0,0,29,False,https://s3.glbimg.com/v1/AUTH_58d78b787ec34892b5aaa0c7a146155f/clubes_2025/silhuetas/VIT/FORMATO.png,0,0,0,0,0,0,0,0,0,0,0,0,0,0,0,0,0,0,0,0,0,0
143295,Joshua,Caio Joshua Lana de Andrade,joshua,FLA,262,Meia,4,Nulo,6,2.0,0.0,0.0,0.0,0,29,False,https://s3.glbimg.com/v1/AUTH_58d78b787ec34892b5aaa0c7a146155f/clubes_2025/silhuetas/FLA/FORMATO.png,0,0,0,0,0,0,0,0,0,0,0,0,0,0,0,0,0,0,0,0,0,0
145436,Belé,Erick Machado Belé,bele,PAL,275,Meia,4,Nulo,6,2.0,0.0,0.0,0.0,0,29,False,https://s3.glbimg.com/v1/AUTH_58d78b787ec34892b5aaa0c7a146155f/clubes_2025/silhuetas/PAL/FORMATO.png,0,0,0,0,0,0,0,0,0,0,0,0,0,0,0,0,0,0,0,0,0,0
126120,Marcelinho,Marcelo Braz da Silva,marcelinho,RBB,280,Meia,4,Nulo,6,2.0,0.0,0.0,0.0,0,29,False,https://s3.glbimg.com/v1/AUTH_58d78b787ec34892b5aaa0c7a146155f/clubes_2025/silhuetas/RBB/FORMATO.png,0,0,0,0,0,0,0,0,0,0,0,0,0,0,0,0,0,0,0,0,0,0
128590,Rayan Lucas,Rayan Lucas Marques de Souza,rayan-lucas,FLA,262,Meia,4,Nulo,6,2.0,0.0,0.0,0.0,0,29,False,https://s3.glbimg.com/v1/AUTH_58d78b787ec34892b5aaa0c7a146155f/clubes_2025/silhuetas/FLA/FORMATO.png,0,0,0,0,0,0,0,0,0,0,0,0,0,0,0,0,0,0,0,0,0,0
129666,JP,João Pedro Murilo de Paula Morais,jp,VAS,267,Meia,4,Nulo,6,2.0,0.0,0.0,0.0,0,29,False,https://s3.glbimg.com/v1/AUTH_58d78b787ec34892b5aaa0c7a146155f/clubes_2025/silhuetas/VAS/FORMATO.png,0,0,0,0,0,0,0,0,0,0,0,0,0,0,0,0,0,0,0,0,0,0
130382,Guilherme Gomes,Guilherme Henrique Bernardineli Gomes,guilherme-gomes,FLA,262,Meia,4,Nulo,6,2.0,0.0,0.0,0.0,0,29,False,https://s3.glbimg.com/v1/AUTH_58d78b787ec34892b5aaa0c7a146155f/clubes_2025/silhuetas/FLA/FORMATO.png,0,0,0,0,0,0,0,0,0,0,0,0,0,0,0,0,0,0,0,0,0,0
141162,Jefinho,Jefferson Borges do Nascimento,jefinho,SPT,292,Meia,4,Nulo,6,1.99,0.0,2.8,0.0,1,29,False,https://s3.glbimg.com/v1/AUTH_58d78b787ec34892b5aaa0c7a146155f/clubes_2025/silhuetas/SPT/FORMATO.png,0,0,0,0,0,1,0,0,1,1,0,0,0,0,0,0,0,0,0,0,0,0
111156,Rodrigo Santos,Rodrigo Oliveira dos Santos,rodrigo-santos,FOR,356,Meia,4,Nulo,6,1.93,0.09,1.37,1.7,6,29,True,https://s3.glbimg.com/v1/AUTH_58d78b787ec34892b5aaa0c7a146155f/clubes_2025/silhuetas/FOR/FORMATO.png,0,1,0,0,0,5,6,1,1,3,0,0,0,0,0,0,0,0,0,0,0,0
130279,Lukas Zuccarello,Lukas Rocha Zuccarello,lukas-zuccarello,VAS,267,Meia,4,Nulo,6,1.9,0.0,0.6,0.0,2,29,False,https://s3.glbimg.com/v1/AUTH_58d78b787ec34892b5aaa0c7a146155f/clubes_2025/silhuetas/VAS/FORMATO.png,0,0,0,0,0,1,1,0,0,0,0,0,0,0,0,0,0,0,0,0,0,0
95354,Giraldo,Daniel Eduardo Giraldo Cárdenas,giraldo,JUV,286,Meia,4,Nulo,6,1.83,0.0,0.3,0.0,13,29,False,https://s3.glbimg.com/v1/AUTH_58d78b787ec34892b5aaa0c7a146155f/clubes_2025/silhuetas/JUV/FORMATO.png,0,3,0,0,0,6,17,0,2,3,0,0,0,0,1,0,0,0,0,0,0,0
141995,Dieguinho,Diego da Cruz Lopes,dieguinho,COR,264,Meia,4,Nulo,6,1.66,0.0,1.16,0.0,7,29,False,https://s3.glbimg.com/v1/AUTH_58d78b787ec34892b5aaa0c7a146155f/clubes_2025/silhuetas/COR/FORMATO.png,0,0,0,0,0,3,1,0,3,3,0,0,0,0,0,0,0,0,0,0,0,0
115563,Rodriguinho,Rodrigo Henrique Santos de Souza,rodriguinho,CEA,354,Meia,4,Nulo,6,1.58,0.0,-0.65,0.0,4,29,False,https://s3.glbimg.com/v1/AUTH_58d78b787ec34892b5aaa0c7a146155f/clubes_2025/silhuetas/CEA/FORMATO.png,0,0,1,0,0,0,3,0,1,1,0,0,0,0,0,0,0,0,0,0,0,0
105585,Roni,Roni Medeiros de Moura,roni,MIR,2305,Meia,4,Nulo,6,1.55,0.0,0.14,0.0,7,29,False,https://s3.glbimg.com/v1/AUTH_58d78b787ec34892b5aaa0c7a146155f/clubes_2025/silhuetas/MIR/FORMATO.png,0,1,0,0,0,1,1,0,1,0,0,0,0,0,0,0,0,0,0,0,0,0
131515,Hyan,Hyan Carvalho Machado Silva,hyan,SAN,277,Meia,4,Nulo,6,1.19,0.0,0.7,0.0,2,29,False,https://s3.glbimg.com/v1/AUTH_58d78b787ec34892b5aaa0c7a146155f/clubes_2025/silhuetas/SAN/FORMATO.png,0,0,0,0,0,1,2,0,0,1,0,0,0,0,0,0,0,0,0,0,0,0
134246,Yago Noal,Yago Eduardo Noal Lopes,yago-noal,INT,285,Meia,4,Nulo,6,1.14,0.0,0.6,0.0,2,29,False,https://s3.glbimg.com/v1/AUTH_58d78b787ec34892b5aaa0c7a146155f/clubes_2025/silhuetas/INT/FORMATO.png,0,0,0,0,0,1,1,0,0,0,0,0,0,0,0,0,0,0,0,0,0,0
133673,Mateus Xavier,Mateus Xavier de Sousa,mateus-xavier,SAN,277,Meia,4,Nulo,6,1.0,0.0,0.5,0.0,3,29,False,https://s3.glbimg.com/v1/AUTH_58d78b787ec34892b5aaa0c7a146155f/clubes_2025/silhuetas/SAN/FORMATO.png,0,0,0,0,0,1,0,0,0,0,0,0,0,0,0,0,0,0,0,0,0,0
136156,Larson,Larson Torna Ferreira dos Santos,larson,PAL,275,Meia,4,Nulo,6,1.0,0.0,0.0,0.0,0,29,False,https://s3.glbimg.com/v1/AUTH_58d78b787ec34892b5aaa0c7a146155f/clubes_2025/silhuetas/PAL/FORMATO.png,0,0,0,0,0,0,0,0,0,0,0,0,0,0,0,0,0,0,0,0,0,0
140494,João Alves,João Victor Alves Ferreira,joao-alves,FLA,262,Meia,4,Nulo,6,1.0,0.0,0.0,0.0,0,29,False,https://s3.glbimg.com/v1/AUTH_58d78b787ec34892b5aaa0c7a146155f/clubes_2025/silhuetas/FLA/FORMATO.png,0,0,0,0,0,0,0,0,0,0,0,0,0,0,0,0,0,0,0,0,0,0
140726,David Martins,David Martins Almeida de Lira,david-martins,BAH,265,Meia,4,Nulo,6,1.0,0.0,0.0,0.0,0,29,False,https://s3.glbimg.com/v1/AUTH_58d78b787ec34892b5aaa0c7a146155f/clubes_2025/silhuetas/BAH/FORMATO.png,0,0,0,0,0,0,0,0,0,0,0,0,0,0,0,0,0,0,0,0,0,0
141138,Zé Phelipe,José Phelipe dos Santos Dutra,ze-phelipe,CAM,282,Meia,4,Nulo,6,1.0,0.0,0.0,0.0,0,29,False,https://s3.glbimg.com/v1/AUTH_58d78b787ec34892b5aaa0c7a146155f/clubes_2025/silhuetas/CAM/FORMATO.png,0,0,0,0,0,0,0,0,0,0,0,0,0,0,0,0,0,0,0,0,0,0
141156,Adriel,Adriel Gomes do Nascimento,adriel,SPT,292,Meia,4,Nulo,6,1.0,0.0,0.0,0.0,0,29,False,https://s3.glbimg.com/v1/AUTH_58d78b787ec34892b5aaa0c7a146155f/clubes_2025/silhuetas/SPT/FORMATO.png,0,0,0,0,0,0,0,0,0,0,0,0,0,0,0,0,0,0,0,0,0,0
141161,Gago,Luiz Henrique Duarte Batista,gago,SPT,292,Meia,4,Nulo,6,1.0,0.0,0.0,0.0,0,29,False,https://s3.glbimg.com/v1/AUTH_58d78b787ec34892b5aaa0c7a146155f/clubes_2025/silhuetas/SPT/FORMATO.png,0,0,0,0,0,0,0,0,0,0,0,0,0,0,0,0,0,0,0,0,0,0
141465,Bernardo Jacob,Bernardo Jacob Ferreira,bernardo-jacob,INT,285,Meia,4,Nulo,6,1.0,0.0,0.0,0.0,0,29,False,https://s3.glbimg.com/v1/AUTH_58d78b787ec34892b5aaa0c7a146155f/clubes_2025/silhuetas/INT/FORMATO.png,0,0,0,0,0,0,0,0,0,0,0,0,0,0,0,0,0,0,0,0,0,0
141551,Índio,Hendel dos Santos Nascimento,indio,CAM,282,Meia,4,Nulo,6,1.0,0.0,0.0,0.0,0,29,False,https://s3.glbimg.com/v1/AUTH_58d78b787ec34892b5aaa0c7a146155f/clubes_2025/silhuetas/CAM/FORMATO.png,0,0,0,0,0,0,0,0,0,0,0,0,0,0,0,0,0,0,0,0,0,0
141751,Zappelini,Cauã Zappelini Joaquim,zappelini,BOT,263,Meia,4,Nulo,6,1.0,0.0,0.0,0.0,0,29,False,https://s3.glbimg.com/v1/AUTH_58d78b787ec34892b5aaa0c7a146155f/clubes_2025/silhuetas/BOT/FORMATO.png,0,0,0,0,0,0,0,0,0,0,0,0,0,0,0,0,0,0,0,0,0,0
141776,Gustavo Henrique,Gustavo Henrique Pereira,gustavo-henrique,SAN,277,Meia,4,Nulo,6,1.0,0.0,0.0,0.0,0,29,False,https://s3.glbimg.com/v1/AUTH_58d78b787ec34892b5aaa0c7a146155f/clubes_2025/silhuetas/SAN/FORMATO.png,0,0,0,0,0,0,0,0,0,0,0,0,0,0,0,0,0,0,0,0,0,0
141628,Pablo Lúcio,Pablo Lúcio,pablo-lucio,FLA,262,Meia,4,Nulo,6,1.0,0.0,0.0,0.0,0,29,False,https://s3.glbimg.com/v1/AUTH_58d78b787ec34892b5aaa0c7a146155f/clubes_2025/silhuetas/FLA/FORMATO.png,0,0,0,0,0,0,0,0,0,0,0,0,0,0,0,0,0,0,0,0,0,0
141615,Pedro Ferreira,Pedro Henrique Ferreira da Silva,pedro-ferreira,SAO,276,Meia,4,Nulo,6,1.0,0.0,0.0,0.0,0,29,False,https://s3.glbimg.com/v1/AUTH_58d78b787ec34892b5aaa0c7a146155f/clubes_2025/silhuetas/SAO/FORMATO.png,0,0,0,0,0,0,0,0,0,0,0,0,0,0,0,0,0,0,0,0,0,0
141874,Dedé,Josenildo José dos Santos Neto,dede,SPT,292,Meia,4,Nulo,6,1.0,0.0,0.0,0.0,0,29,False,https://s3.glbimg.com/v1/AUTH_58d78b787ec34892b5aaa0c7a146155f/clubes_2025/silhuetas/SPT/FORMATO.png,0,0,0,0,0,0,0,0,0,0,0,0,0,0,0,0,0,0,0,0,0,0
144561,Lucas Emanoel,Lucas Emanoel de Abreu dos Reis,lucas-emanoel,FOR,356,Meia,4,Nulo,6,1.0,0.0,0.0,0.0,0,29,False,https://s3.glbimg.com/v1/AUTH_58d78b787ec34892b5aaa0c7a146155f/clubes_2025/silhuetas/FOR/FORMATO.png,0,0,0,0,0,0,0,0,0,0,0,0,0,0,0,0,0,0,0,0,0,0
145000,Lucas Lohan,Lucas Lohan dos Santos Verediana,lucas-lohan,VIT,287,Meia,4,Nulo,6,1.0,0.0,0.0,0.0,0,29,False,https://s3.glbimg.com/v1/AUTH_58d78b787ec34892b5aaa0c7a146155f/clubes_2025/silhuetas/VIT/FORMATO.png,0,0,0,0,0,0,0,0,0,0,0,0,0,0,0,0,0,0,0,0,0,0
146623,Luis Pacheco,Luis Felipe Pacheco da Costa,luis-pacheco,PAL,275,Meia,4,Nulo,6,1.0,0.0,0.0,0.0,0,29,False,https://s3.glbimg.com/v1/AUTH_58d78b787ec34892b5aaa0c7a146155f/clubes_2025/silhuetas/PAL/FORMATO.png,0,0,0,0,0,0,0,0,0,0,0,0,0,0,0,0,0,0,0,0,0,0
146701,Benjamin Arhin,Benjamin Arhin,benjamin-arhin,INT,285,Meia,4,Nulo,6,1.0,0.0,0.0,0.0,0,29,False,https://s3.glbimg.com/v1/AUTH_58d78b787ec34892b5aaa0c7a146155f/clubes_2025/silhuetas/INT/FORMATO.png,0,0,0,0,0,0,0,0,0,0,0,0,0,0,0,0,0,0,0,0,0,0
110062,João Neto,João Roberto Rota Neto,joao-neto,RBB,280,Meia,4,Nulo,6,1.0,0.0,0.0,0.0,0,29,False,https://s3.glbimg.com/v1/AUTH_58d78b787ec34892b5aaa0c7a146155f/clubes_2025/silhuetas/RBB/FORMATO.png,0,0,0,0,0,0,0,0,0,0,0,0,0,0,0,0,0,0,0,0,0,0
122989,David Kauã,David Kauã Ramos,david-kaua,CAM,282,Meia,4,Nulo,6,1.0,0.0,0.0,0.0,0,29,False,https://s3.glbimg.com/v1/AUTH_58d78b787ec34892b5aaa0c7a146155f/clubes_2025/silhuetas/CAM/FORMATO.png,0,0,0,0,0,0,0,0,0,0,0,0,0,0,0,0,0,0,0,0,0,0
123494,Roger,Roger Gabriel Farias de Jesus,roger,BAH,265,Meia,4,Nulo,6,1.0,0.0,0.0,0.0,0,29,False,https://s3.glbimg.com/v1/AUTH_58d78b787ec34892b5aaa0c7a146155f/clubes_2025/silhuetas/BAH/FORMATO.png,0,0,0,0,0,0,0,0,0,0,0,0,0,0,0,0,0,0,0,0,0,0
123007,Vitinho,Pedro Victor da Silva Santos,vitinho,BAH,265,Meia,4,Nulo,6,1.0,0.0,0.0,0.0,0,29,False,https://s3.glbimg.com/v1/AUTH_58d78b787ec34892b5aaa0c7a146155f/clubes_2025/silhuetas/BAH/FORMATO.png,0,0,0,0,0,0,0,0,0,0,0,0,0,0,0,0,0,0,0,0,0,0
123005,Sidney,Sidney de Carvalho Duarte,sidney,BAH,265,Meia,4,Nulo,6,1.0,0.0,0.0,0.0,0,29,False,https://s3.glbimg.com/v1/AUTH_58d78b787ec34892b5aaa0c7a146155f/clubes_2025/silhuetas/BAH/FORMATO.png,0,0,0,0,0,0,0,0,0,0,0,0,0,0,0,0,0,0,0,0,0,0
124270,Allex,Allex Rodrigues Pereira da Silva,allex,INT,285,Meia,4,Nulo,6,1.0,0.0,0.0,0.0,0,29,False,https://s3.glbimg.com/v1/AUTH_58d78b787ec34892b5aaa0c7a146155f/clubes_2025/silhuetas/INT/FORMATO.png,0,0,0,0,0,0,0,0,0,0,0,0,0,0,0,0,0,0,0,0,0,0
130252,Euder,Euder Galdino da Silva,euder,VAS,267,Meia,4,Nulo,6,1.0,0.0,0.0,0.0,0,29,False,https://s3.glbimg.com/v1/AUTH_58d78b787ec34892b5aaa0c7a146155f/clubes_2025/silhuetas/VAS/FORMATO.png,0,0,0,0,0,0,0,0,0,0,0,0,0,0,0,0,0,0,0,0,0,0
130620,Edenílson,Edenílson Santos Nascimento Filho,edenilson,VIT,287,Meia,4,Nulo,6,1.0,0.0,0.0,0.0,0,29,False,https://s3.glbimg.com/v1/AUTH_58d78b787ec34892b5aaa0c7a146155f/clubes_2025/silhuetas/VIT/FORMATO.png,0,0,0,0,0,0,0,0,0,0,0,0,0,0,0,0,0,0,0,0,0,0
145413,Rafael Coutinho,Rafael Barbosa Coutinho,rafael-coutinho,PAL,275,Meia,4,Nulo,6,1.0,0.0,0.0,0.0,0,29,False,https://s3.glbimg.com/v1/AUTH_58d78b787ec34892b5aaa0c7a146155f/clubes_2025/silhuetas/PAL/FORMATO.png,0,0,0,0,0,0,0,0,0,0,0,0,0,0,0,0,0,0,0,0,0,0
143350,Murilo Rhikman,Murilo Rhikman Alves Pimentel,murilo-rhikman,CRU,283,Meia,4,Nulo,6,0.91,0.0,0.0,0.0,1,29,False,https://s3.glbimg.com/v1/AUTH_58d78b787ec34892b5aaa0c7a146155f/clubes_2025/silhuetas/CRU/FORMATO.png,0,0,0,0,0,0,0,0,0,0,0,0,0,0,0,0,0,0,0,0,0,0
121866,Hudson,Hudson Alexandre Batista da Silva,hudson,JUV,286,Meia,4,Nulo,6,0.77,0.0,-0.77,0.0,3,29,False,https://s3.glbimg.com/v1/AUTH_58d78b787ec34892b5aaa0c7a146155f/clubes_2025/silhuetas/JUV/FORMATO.png,0,2,1,0,0,3,6,0,0,0,0,0,0,0,0,0,0,0,0,0,0,0
104330,Dudu,Eduardo Marcelo Rodrigues Nunes,dudu,VIT,287,Meia,4,Nulo,6,0.65,0.0,-1.35,0.0,4,29,False,https://s3.glbimg.com/v1/AUTH_58d78b787ec34892b5aaa0c7a146155f/clubes_2025/silhuetas/VIT/FORMATO.png,0,2,2,0,0,2,8,1,1,0,0,0,0,0,0,0,0,0,0,0,0,0
94583,Pedro,Pedro Guilherme Abreu dos Santos,pedro,FLA,262,Atacante,5,Contundido,5,17.97,0.46,7.74,17.3,21,29,True,https://s3.glbimg.com/v1/AUTH_58d78b787ec34892b5aaa0c7a146155f/clubes_2025/silhuetas/FLA/FORMATO.png,6,3,0,0,0,10,14,14,4,16,1,12,0,0,2,0,0,1,2,0,0,0
103445,Kaio Jorge,Kaio Jorge Pinto Ramos,kaio-jorge,CRU,283,Atacante,5,Provável,7,14.59,0.0,8.85,0.0,26,29,False,https://s3.glbimg.com/v1/AUTH_58d78b787ec34892b5aaa0c7a146155f/clubes_2025/silhuetas/CRU/FORMATO.png,7,4,1,0,0,20,30,14,25,35,3,15,0,0,7,0,0,1,2,0,0,0
114802,Vitor Roque,Vitor Hugo Roque Ferreira,vitor-roque,PAL,275,Atacante,5,Provável,7,13.86,-1.62,8.24,12.9,26,29,True,https://s3.glbimg.com/v1/AUTH_58d78b787ec34892b5aaa0c7a146155f/clubes_2025/silhuetas/PAL/FORMATO.png,3,3,0,0,0,26,27,18,14,66,1,13,0,0,15,0,0,0,0,0,0,0
98873,Samuel Lino,Samuel Dias Lino,samuel-lino,FLA,262,Atacante,5,Provável,7,13.82,-0.42,6.23,1.5,12,29,True,https://s3.glbimg.com/v1/AUTH_58d78b787ec34892b5aaa0c7a146155f/clubes_2025/silhuetas/FLA/FORMATO.png,4,0,0,0,0,13,9,5,12,13,0,2,0,0,1,0,0,0,0,0,0,0
99198,Vegetti,Pablo Vegetti,vegetti,VAS,267,Atacante,5,Dúvida,2,13.68,-0.21,6.36,0.0,23,29,True,https://s3.glbimg.com/v1/AUTH_58d78b787ec34892b5aaa0c7a146155f/clubes_2025/silhuetas/VAS/FORMATO.png,1,2,0,0,0,11,24,7,24,32,2,11,1,0,5,0,0,0,0,0,0,0
39148,Hulk,Givanildo Vieira de Souza,hulk,CAM,282,Atacante,5,Dúvida,2,13.21,-0.39,5.22,2.1,22,29,True,https://s3.glbimg.com/v1/AUTH_58d78b787ec34892b5aaa0c7a146155f/clubes_2025/silhuetas/CAM/FORMATO.png,3,9,0,0,0,7,29,18,28,57,1,4,0,0,7,0,0,0,0,0,0,0
85048,Memphis Depay,Memphis Depay,memphis-depay,COR,264,Atacante,5,Provável,7,12.8,-0.27,4.94,0.7,17,29,True,https://s3.glbimg.com/v1/AUTH_58d78b787ec34892b5aaa0c7a146155f/clubes_2025/silhuetas/COR/FORMATO.png,3,4,0,0,0,7,13,11,11,21,2,4,0,0,1,0,0,1,0,0,0,0
92171,Arthur Cabral,Arthur Mendonça Cabral,arthur-cabral,BOT,263,Atacante,5,Dúvida,2,11.9,0.0,5.3,0.0,12,29,False,https://s3.glbimg.com/v1/AUTH_58d78b787ec34892b5aaa0c7a146155f/clubes_2025/silhuetas/BOT/FORMATO.png,1,0,0,0,0,6,19,8,10,20,1,3,0,0,3,0,0,0,1,0,0,0
89368,Braithwaite,Martin Christensen Braithwaite,braithwaite,GRE,284,Atacante,5,Contundido,5,11.69,0.0,4.36,0.0,17,29,False,https://s3.glbimg.com/v1/AUTH_58d78b787ec34892b5aaa0c7a146155f/clubes_2025/silhuetas/GRE/FORMATO.png,1,3,0,0,0,9,23,8,11,23,1,4,0,0,2,0,0,0,1,0,0,0
100652,Yuri Alberto,Yuri Alberto Monteiro da Silva,yuri-alberto,COR,264,Atacante,5,Provável,7,11.54,0.01,5.41,3.5,19,29,True,https://s3.glbimg.com/v1/AUTH_58d78b787ec34892b5aaa0c7a146155f/clubes_2025/silhuetas/COR/FORMATO.png,2,3,0,0,0,1,17,9,25,27,1,7,0,0,6,0,0,1,1,0,0,0
92854,Borré,Rafael Santos Borré Maury,borre,INT,285,Atacante,5,Nulo,6,11.12,1.27,3.89,11.3,21,29,True,https://s3.glbimg.com/v1/AUTH_58d78b787ec34892b5aaa0c7a146155f/clubes_2025/silhuetas/INT/FORMATO.png,1,2,1,0,0,17,30,5,14,12,1,5,0,0,7,0,0,0,0,0,0,0
113103,Flaco López,José Manuel Alberto López,flaco-lopez,PAL,275,Atacante,5,Provável,7,10.62,-0.53,6.85,6.6,25,29,True,https://s3.glbimg.com/v1/AUTH_58d78b787ec34892b5aaa0c7a146155f/clubes_2025/silhuetas/PAL/FORMATO.png,1,4,0,0,0,26,38,14,30,41,0,10,0,0,7,0,0,0,2,0,0,0
122486,Rayan,Rayan Vitor Simplício Rocha,rayan,VAS,267,Atacante,5,Dúvida,2,10.44,0.2,7.59,10.9,25,29,True,https://s3.glbimg.com/v1/AUTH_58d78b787ec34892b5aaa0c7a146155f/clubes_2025/silhuetas/VAS/FORMATO.png,0,3,0,0,0,28,19,15,23,40,4,11,0,0,0,0,0,0,0,0,0,0
91607,Rony,Ronielson da Silva Barbosa,rony,CAM,282,Atacante,5,Dúvida,2,10.03,0.0,4.15,0.0,24,29,False,https://s3.glbimg.com/v1/AUTH_58d78b787ec34892b5aaa0c7a146155f/clubes_2025/silhuetas/CAM/FORMATO.png,1,3,0,0,0,20,38,17,14,42,1,3,0,0,16,0,0,0,1,0,0,0
92696,Renato Kayzer,Renato Kayzer de Souza,renato-kayzer,VIT,287,Atacante,5,Provável,7,9.83,0.0,4.77,0.0,21,29,False,https://s3.glbimg.com/v1/AUTH_58d78b787ec34892b5aaa0c7a146155f/clubes_2025/silhuetas/VIT/FORMATO.png,0,3,0,0,0,8,30,6,11,37,1,8,0,0,14,0,0,0,0,0,0,0
103179,Chris Ramos,Christopher Ramos de la Flor,chris-ramos,BOT,263,Atacante,5,Dúvida,2,9.81,1.39,5.37,10.4,7,29,True,https://s3.glbimg.com/v1/AUTH_58d78b787ec34892b5aaa0c7a146155f/clubes_2025/silhuetas/BOT/FORMATO.png,0,0,1,0,0,5,7,2,3,7,1,3,0,0,1,0,0,0,0,0,0,0
104666,Moisés,Moisés Vieira da Veiga,moises,FOR,356,Atacante,5,Nulo,6,9.56,-1.45,2.62,0.5,5,29,True,https://s3.glbimg.com/v1/AUTH_58d78b787ec34892b5aaa0c7a146155f/clubes_2025/silhuetas/FOR/FORMATO.png,1,1,0,0,0,2,1,2,4,2,0,0,0,0,2,0,0,0,0,0,0,0
94207,Guilherme,Guilherme Augusto Vieira dos Santos,guilherme,SAN,277,Atacante,5,Provável,7,9.43,-0.2,6.17,1.6,22,29,True,https://s3.glbimg.com/v1/AUTH_58d78b787ec34892b5aaa0c7a146155f/clubes_2025/silhuetas/SAN/FORMATO.png,2,0,0,0,0,31,11,12,22,39,0,4,0,0,11,0,0,0,0,0,0,0
68996,Willian José,Willian José da Silva,willian-jose,BAH,265,Atacante,5,Provável,7,9.18,1.48,4.35,15.0,22,29,True,https://s3.glbimg.com/v1/AUTH_58d78b787ec34892b5aaa0c7a146155f/clubes_2025/silhuetas/BAH/FORMATO.png,5,3,0,0,0,1,8,8,8,9,2,6,0,0,1,0,0,0,0,0,0,0
102950,Facundo Torres,Facundo Daniel Torres Pérez,facundo-torres,PAL,275,Atacante,5,Nulo,6,9.03,-0.05,3.94,0.5,23,29,True,https://s3.glbimg.com/v1/AUTH_58d78b787ec34892b5aaa0c7a146155f/clubes_2025/silhuetas/PAL/FORMATO.png,3,2,0,0,0,12,12,8,7,27,1,4,0,0,1,0,0,0,1,0,0,0
79631,Cano,Germán Ezequiel Cano,cano,FLU,266,Atacante,5,Provável,7,8.98,-0.12,4.69,1.9,19,29,True,https://s3.glbimg.com/v1/AUTH_58d78b787ec34892b5aaa0c7a146155f/clubes_2025/silhuetas/FLU/FORMATO.png,0,1,0,0,0,4,9,5,19,24,2,6,0,0,4,0,0,0,0,0,0,0
80287,Luciano,Luciano da Rocha Neves,luciano,SAO,276,Atacante,5,Dúvida,2,8.9,-0.32,5.32,0.0,24,29,True,https://s3.glbimg.com/v1/AUTH_58d78b787ec34892b5aaa0c7a146155f/clubes_2025/silhuetas/SAO/FORMATO.png,3,8,0,0,0,19,23,16,22,33,0,6,0,0,4,0,0,1,2,0,0,0
101290,Ferreira,Aldemir dos Santos Ferreira,ferreira,SAO,276,Atacante,5,Nulo,6,8.85,0.0,4.62,0.0,19,29,False,https://s3.glbimg.com/v1/AUTH_58d78b787ec34892b5aaa0c7a146155f/clubes_2025/silhuetas/SAO/FORMATO.png,2,3,0,0,0,12,10,4,10,30,2,4,0,0,2,0,0,0,0,0,0,0
82627,Luiz Araújo,Luiz de Araújo Guimarães Neto,luiz-araujo,FLA,262,Atacante,5,Provável,7,8.7,-1.28,5.09,0.9,26,29,True,https://s3.glbimg.com/v1/AUTH_58d78b787ec34892b5aaa0c7a146155f/clubes_2025/silhuetas/FLA/FORMATO.png,2,2,0,0,0,31,27,9,14,20,2,6,0,0,1,0,0,0,0,0,0,0
113397,Cristian Olivera,Cristian Gonzalo Olivera Ibarra,cristian-olivera,GRE,284,Atacante,5,Nulo,6,8.63,-0.17,4.49,2.0,18,29,True,https://s3.glbimg.com/v1/AUTH_58d78b787ec34892b5aaa0c7a146155f/clubes_2025/silhuetas/GRE/FORMATO.png,0,2,0,0,0,24,19,8,9,24,0,3,0,0,3,0,0,0,0,0,0,0
142279,Nuno Moreira,Nuno Gonçalo Rocha Moreira,nuno-moreira,VAS,267,Atacante,5,Provável,7,8.62,0.72,4.8,6.7,26,29,True,https://s3.glbimg.com/v1/AUTH_58d78b787ec34892b5aaa0c7a146155f/clubes_2025/silhuetas/VAS/FORMATO.png,4,2,0,0,0,22,14,8,6,32,0,6,0,0,6,0,0,0,0,0,0,0
109401,Erick Pulga,Erick da Costa Farias,erick-pulga,BAH,265,Atacante,5,Nulo,6,8.61,0.0,6.08,0.0,16,29,False,https://s3.glbimg.com/v1/AUTH_58d78b787ec34892b5aaa0c7a146155f/clubes_2025/silhuetas/BAH/FORMATO.png,3,3,0,0,0,24,12,5,19,32,0,2,0,0,3,0,0,0,0,0,0,0
98909,Cuello,Tomás Esteban Cuello,cuello,CAM,282,Atacante,5,Contundido,5,8.28,0.0,4.43,0.0,15,29,False,https://s3.glbimg.com/v1/AUTH_58d78b787ec34892b5aaa0c7a146155f/clubes_2025/silhuetas/CAM/FORMATO.png,1,3,1,0,0,13,17,11,13,27,3,1,0,0,2,0,0,0,0,0,0,0
95799,Artur,Artur Victor Guimarães,artur,BOT,263,Atacante,5,Provável,7,8.15,-0.34,3.86,0.0,19,29,True,https://s3.glbimg.com/v1/AUTH_58d78b787ec34892b5aaa0c7a146155f/clubes_2025/silhuetas/BOT/FORMATO.png,4,1,0,0,0,9,12,6,12,17,1,2,0,0,1,0,0,0,0,0,0,0
126216,Derik Lacerda,Derik Gean Severino Lacerda,derik-lacerda,SPT,292,Atacante,5,Provável,7,8.11,-0.27,5.85,1.7,13,29,True,https://s3.glbimg.com/v1/AUTH_58d78b787ec34892b5aaa0c7a146155f/clubes_2025/silhuetas/SPT/FORMATO.png,0,7,0,0,0,11,24,13,15,18,2,4,0,0,7,0,0,0,0,0,0,0
105563,Carlos Vinícius,Carlos Vinícius Alves Morais,carlos-vinicius,GRE,284,Atacante,5,Provável,7,7.94,-2.52,4.65,0.1,6,29,True,https://s3.glbimg.com/v1/AUTH_58d78b787ec34892b5aaa0c7a146155f/clubes_2025/silhuetas/GRE/FORMATO.png,0,1,1,0,0,1,11,2,2,12,0,3,0,0,3,0,0,0,0,0,0,0
70360,Eduardo Sasha,Eduardo Colcenti Antunes,eduardo-sasha,RBB,280,Atacante,5,Dúvida,2,7.9,0.19,4.05,2.4,25,29,True,https://s3.glbimg.com/v1/AUTH_58d78b787ec34892b5aaa0c7a146155f/clubes_2025/silhuetas/RBB/FORMATO.png,2,5,1,0,0,8,7,20,12,26,1,5,0,0,2,0,0,0,0,0,0,0
95131,Gabriel Taliari,Gabriel Pereira Taliari,gabriel-taliari,JUV,286,Atacante,5,Provável,7,7.9,0.37,3.77,3.2,24,29,True,https://s3.glbimg.com/v1/AUTH_58d78b787ec34892b5aaa0c7a146155f/clubes_2025/silhuetas/JUV/FORMATO.png,2,5,0,0,0,20,34,6,13,37,2,3,0,0,4,0,0,0,0,0,0,0
108133,Isidro Pitta,Isidro Miguel Pitta Saldívar,isidro-pitta,RBB,280,Atacante,5,Nulo,6,7.9,0.0,3.72,0.0,16,29,False,https://s3.glbimg.com/v1/AUTH_58d78b787ec34892b5aaa0c7a146155f/clubes_2025/silhuetas/RBB/FORMATO.png,1,3,0,0,0,1,14,3,6,9,0,6,0,0,7,0,0,0,0,0,0,0
112886,Lucas Barbosa,Lucas Henrique Barbosa,lucas-barbosa,RBB,280,Atacante,5,Provável,7,7.88,0.0,5.02,0.0,25,29,False,https://s3.glbimg.com/v1/AUTH_58d78b787ec34892b5aaa0c7a146155f/clubes_2025/silhuetas/RBB/FORMATO.png,2,6,1,0,0,50,43,11,16,30,2,2,0,0,6,0,0,0,0,0,0,0
68920,Dudu,Eduardo Pereira Rodrigues,dudu,CAM,282,Atacante,5,Provável,7,7.77,-0.5,2.21,1.6,11,29,True,https://s3.glbimg.com/v1/AUTH_58d78b787ec34892b5aaa0c7a146155f/clubes_2025/silhuetas/CAM/FORMATO.png,0,0,0,0,0,4,6,1,2,13,1,1,0,0,2,0,0,0,0,0,0,0
78435,Vitinho,Victor Vinícius Coelho dos Santos,vitinho,COR,264,Atacante,5,Contundido,5,7.75,0.0,3.82,0.0,8,29,False,https://s3.glbimg.com/v1/AUTH_58d78b787ec34892b5aaa0c7a146155f/clubes_2025/silhuetas/COR/FORMATO.png,1,0,0,0,0,11,4,4,2,8,0,0,0,0,1,0,0,0,0,0,0,0
114405,Sinisterra,Luis Fernando Sinisterra Lucumí,sinisterra,CRU,283,Atacante,5,Nulo,6,7.75,0.0,3.65,0.0,4,29,False,https://s3.glbimg.com/v1/AUTH_58d78b787ec34892b5aaa0c7a146155f/clubes_2025/silhuetas/CRU/FORMATO.png,0,0,0,0,0,3,1,2,0,0,0,1,0,0,0,0,0,0,0,0,0,0
97321,Alesson,Alesson dos Santos Batista,alesson,MIR,2305,Atacante,5,Provável,7,7.73,1.35,4.53,11.6,15,29,True,https://s3.glbimg.com/v1/AUTH_58d78b787ec34892b5aaa0c7a146155f/clubes_2025/silhuetas/MIR/FORMATO.png,3,1,0,0,0,11,18,1,5,13,0,4,0,0,7,0,0,0,0,0,0,0
116706,Andrés Gómez,Carlos Andrés Gómez Hinestroza,andres-gomez,VAS,267,Atacante,5,Provável,7,7.57,0.56,3.33,4.8,8,29,True,https://s3.glbimg.com/v1/AUTH_58d78b787ec34892b5aaa0c7a146155f/clubes_2025/silhuetas/VAS/FORMATO.png,3,1,0,0,0,4,12,5,3,4,0,0,0,0,2,0,0,0,0,0,0,0
98225,Pedro Raul,Pedro Raul Garay da Silva,pedro-raul,CEA,354,Atacante,5,Provável,7,7.47,-0.96,3.63,1.3,24,29,True,https://s3.glbimg.com/v1/AUTH_58d78b787ec34892b5aaa0c7a146155f/clubes_2025/silhuetas/CEA/FORMATO.png,0,4,0,0,0,6,42,20,24,33,2,4,0,0,30,0,0,0,0,0,0,0
107989,Carbonero,Johan Stiven Carbonero Balanta,carbonero,INT,285,Atacante,5,Provável,7,7.4,-0.36,5.32,7.0,16,29,True,https://s3.glbimg.com/v1/AUTH_58d78b787ec34892b5aaa0c7a146155f/clubes_2025/silhuetas/INT/FORMATO.png,2,3,0,0,0,6,22,9,9,43,1,4,0,0,8,0,0,0,2,0,0,0
72583,Pedro Henrique,Pedro Henrique Konzen Medina da Silva,pedro-henrique,CEA,354,Atacante,5,Suspenso,3,7.34,-1.02,4.61,-0.5,20,29,True,https://s3.glbimg.com/v1/AUTH_58d78b787ec34892b5aaa0c7a146155f/clubes_2025/silhuetas/CEA/FORMATO.png,2,5,0,0,0,21,22,7,10,19,2,4,0,0,7,0,0,0,0,0,0,0
90608,Chico da Costa,Francisco da Costa Aragão,chico-da-costa,MIR,2305,Atacante,5,Nulo,6,7.3,0.0,4.14,0.0,12,29,False,https://s3.glbimg.com/v1/AUTH_58d78b787ec34892b5aaa0c7a146155f/clubes_2025/silhuetas/MIR/FORMATO.png,0,1,0,0,0,2,8,1,6,9,0,5,0,0,5,0,0,0,0,0,0,0
84042,Tiquinho Soares,Francisco das Chagas Soares dos Santos Meireles,tiquinho-soares,SAN,277,Atacante,5,Nulo,6,7.18,0.13,2.83,0.0,23,29,True,https://s3.glbimg.com/v1/AUTH_58d78b787ec34892b5aaa0c7a146155f/clubes_2025/silhuetas/SAN/FORMATO.png,3,3,0,0,0,8,27,6,11,33,0,2,0,0,5,0,0,0,1,0,0,0
83257,Gabriel,Gabriel Barbosa Almeida,gabriel,CRU,283,Atacante,5,Nulo,6,7.16,0.61,3.41,4.8,23,29,True,https://s3.glbimg.com/v1/AUTH_58d78b787ec34892b5aaa0c7a146155f/clubes_2025/silhuetas/CRU/FORMATO.png,2,4,0,0,0,5,5,9,10,9,0,6,0,0,9,0,0,1,0,0,0,0
96353,Joaquín Correa,Carlos Joaquín Correa,joaquin-correa,BOT,263,Atacante,5,Nulo,6,7.13,-0.4,1.63,0.2,13,29,True,https://s3.glbimg.com/v1/AUTH_58d78b787ec34892b5aaa0c7a146155f/clubes_2025/silhuetas/BOT/FORMATO.png,0,1,0,0,0,5,7,5,5,14,0,0,0,0,2,0,0,0,0,0,0,0
86485,Keno,Marcos da Silva França,keno,FLU,266,Atacante,5,Nulo,6,7.09,-0.11,3.81,6.0,11,29,True,https://s3.glbimg.com/v1/AUTH_58d78b787ec34892b5aaa0c7a146155f/clubes_2025/silhuetas/FLU/FORMATO.png,2,0,0,0,0,4,4,2,9,19,0,1,0,0,0,0,0,0,0,0,0,0
86757,Everton,Everton Sousa Soares,everton,FLA,262,Atacante,5,Contundido,5,7.08,0.0,2.22,0.0,17,29,False,https://s3.glbimg.com/v1/AUTH_58d78b787ec34892b5aaa0c7a146155f/clubes_2025/silhuetas/FLA/FORMATO.png,1,0,0,0,0,8,10,4,9,2,1,1,0,0,1,0,0,0,0,0,0,0
102928,Canobbio,Agustín Canobbio Graviz,canobbio,FLU,266,Atacante,5,Provável,7,7.01,-0.14,4.02,2.3,20,29,True,https://s3.glbimg.com/v1/AUTH_58d78b787ec34892b5aaa0c7a146155f/clubes_2025/silhuetas/FLU/FORMATO.png,1,3,0,0,0,26,23,6,7,28,1,2,0,0,5,0,0,0,1,0,0,0
99392,Michael,Michael Richard Delgado de Oliveira,michael,FLA,262,Atacante,5,Nulo,6,6.99,0.0,3.65,0.0,11,29,False,https://s3.glbimg.com/v1/AUTH_58d78b787ec34892b5aaa0c7a146155f/clubes_2025/silhuetas/FLA/FORMATO.png,3,0,0,0,0,7,1,3,3,2,0,1,0,0,1,0,0,0,0,0,0,0
105568,Lucero,Juan Martín Lucero,lucero,FOR,356,Atacante,5,Suspenso,3,6.99,-0.03,2.61,0.3,23,29,True,https://s3.glbimg.com/v1/AUTH_58d78b787ec34892b5aaa0c7a146155f/clubes_2025/silhuetas/FOR/FORMATO.png,1,6,0,0,0,17,35,8,9,14,1,3,0,0,8,0,0,1,0,0,0,0
93988,Breno Lopes,Breno Henrique Vasconcelos Lopes,breno-lopes,FOR,356,Atacante,5,Provável,7,6.91,-0.92,4.0,2.2,20,29,True,https://s3.glbimg.com/v1/AUTH_58d78b787ec34892b5aaa0c7a146155f/clubes_2025/silhuetas/FOR/FORMATO.png,0,2,0,0,0,9,9,7,16,32,1,4,0,0,10,0,0,0,0,0,0,0
93411,Cantalapiedra,Aitor Cantalapiedra Fernández,cantalapiedra,VIT,287,Atacante,5,Provável,7,6.77,-0.38,4.88,1.3,10,29,True,https://s3.glbimg.com/v1/AUTH_58d78b787ec34892b5aaa0c7a146155f/clubes_2025/silhuetas/VIT/FORMATO.png,2,1,0,0,0,8,4,5,4,8,0,2,0,0,2,0,0,0,0,0,0,0
108588,Tapia,Gonzalo Andrés Tapia Dubournais,tapia,SAO,276,Atacante,5,Dúvida,2,6.74,-0.49,4.52,1.2,11,29,True,https://s3.glbimg.com/v1/AUTH_58d78b787ec34892b5aaa0c7a146155f/clubes_2025/silhuetas/SAO/FORMATO.png,0,4,0,0,0,4,13,3,11,15,0,4,0,0,3,0,0,0,0,0,0,0
131617,André Silva,André Oliveira e Silva,andre-silva,SAO,276,Atacante,5,Contundido,5,6.73,0.0,4.32,0.0,19,29,False,https://s3.glbimg.com/v1/AUTH_58d78b787ec34892b5aaa0c7a146155f/clubes_2025/silhuetas/SAO/FORMATO.png,2,5,0,0,0,11,20,5,10,20,1,5,0,0,5,0,0,0,0,0,0,0
109096,Plata,Gonzalo Jordy Plata Jiménez,plata,FLA,262,Atacante,5,Provável,7,6.73,-1.32,4.04,1.5,21,29,True,https://s3.glbimg.com/v1/AUTH_58d78b787ec34892b5aaa0c7a146155f/clubes_2025/silhuetas/FLA/FORMATO.png,1,0,0,0,0,24,17,6,5,12,0,4,0,0,2,0,0,0,0,0,0,0
132264,Arroyo,Keny Alexander Arroyo Alvarado,arroyo,CRU,283,Atacante,5,Nulo,6,6.71,1.86,3.48,10.4,5,29,True,https://s3.glbimg.com/v1/AUTH_58d78b787ec34892b5aaa0c7a146155f/clubes_2025/silhuetas/CRU/FORMATO.png,1,1,0,0,0,3,2,3,3,7,0,0,0,0,0,0,0,0,0,0,0,0
97810,Erick,Erick de Arruda Serafim,erick,VIT,287,Atacante,5,Dúvida,2,6.69,0.0,4.85,0.0,22,29,False,https://s3.glbimg.com/v1/AUTH_58d78b787ec34892b5aaa0c7a146155f/clubes_2025/silhuetas/VIT/FORMATO.png,4,6,0,0,0,16,18,6,13,54,2,3,0,0,1,0,0,0,0,0,0,0
104204,Edson Carioca,Edson Guilherme Mendes dos Santos,edson-carioca,MIR,2305,Atacante,5,Contundido,5,6.69,0.0,4.54,0.0,20,29,False,https://s3.glbimg.com/v1/AUTH_58d78b787ec34892b5aaa0c7a146155f/clubes_2025/silhuetas/MIR/FORMATO.png,2,1,0,0,0,20,27,6,16,16,0,4,0,0,2,0,0,0,0,0,0,0
132071,Serna,Kevin Steven Serna Jaramillo,serna,FLU,266,Atacante,5,Provável,7,6.64,0.0,4.19,3.2,23,29,True,https://s3.glbimg.com/v1/AUTH_58d78b787ec34892b5aaa0c7a146155f/clubes_2025/silhuetas/FLU/FORMATO.png,3,3,0,0,0,21,12,6,5,24,0,4,0,0,3,0,0,0,1,0,0,0
68952,Marinho,Mário Sérgio Santos Costa,marinho,FOR,356,Atacante,5,Nulo,6,6.63,0.41,3.02,4.1,16,29,True,https://s3.glbimg.com/v1/AUTH_58d78b787ec34892b5aaa0c7a146155f/clubes_2025/silhuetas/FOR/FORMATO.png,2,2,1,0,0,11,24,5,13,22,0,1,0,0,13,0,0,0,0,0,0,0
101960,Vitinho,Vitor Hugo Naum dos Santos,vitinho,INT,285,Atacante,5,Provável,7,6.53,1.13,3.29,9.7,17,29,True,https://s3.glbimg.com/v1/AUTH_58d78b787ec34892b5aaa0c7a146155f/clubes_2025/silhuetas/INT/FORMATO.png,1,4,0,0,0,18,26,2,6,20,1,2,0,0,4,0,0,0,0,0,0,0
109899,Batalla,Emerson Geovanny Batalla Martínez - Enmerson,batalla,JUV,286,Atacante,5,Nulo,6,6.5,0.0,4.01,0.0,21,29,False,https://s3.glbimg.com/v1/AUTH_58d78b787ec34892b5aaa0c7a146155f/clubes_2025/silhuetas/JUV/FORMATO.png,1,4,0,0,0,17,15,8,8,29,0,4,0,0,1,0,0,0,0,0,0,0
108713,Galeano,Antonio Javier Galeano Ferreira,galeano,CEA,354,Atacante,5,Provável,7,6.48,-0.07,4.93,2.9,26,29,True,https://s3.glbimg.com/v1/AUTH_58d78b787ec34892b5aaa0c7a146155f/clubes_2025/silhuetas/CEA/FORMATO.png,3,1,0,0,0,23,17,10,10,46,1,5,0,0,11,0,0,0,0,0,0,0
110759,John Kennedy,John Kennedy Batista de Souza,john-kennedy,FLU,266,Atacante,5,Nulo,6,6.38,0.19,2.67,2.7,8,29,True,https://s3.glbimg.com/v1/AUTH_58d78b787ec34892b5aaa0c7a146155f/clubes_2025/silhuetas/FLU/FORMATO.png,1,1,0,0,0,1,4,3,2,8,0,1,0,0,2,0,0,0,0,0,0,0
103014,Laquintana,Ignacio Jesús Laquintana Marsico - Nacho,laquintana,RBB,280,Atacante,5,Nulo,6,6.36,0.21,4.2,4.2,19,29,True,https://s3.glbimg.com/v1/AUTH_58d78b787ec34892b5aaa0c7a146155f/clubes_2025/silhuetas/RBB/FORMATO.png,3,1,0,0,0,14,7,5,7,8,0,4,0,0,7,0,0,0,0,0,0,0
112863,Ramón Sosa,Ramón Sosa Acosta,ramon-sosa,PAL,275,Atacante,5,Dúvida,2,6.36,0.25,2.89,2.7,15,29,True,https://s3.glbimg.com/v1/AUTH_58d78b787ec34892b5aaa0c7a146155f/clubes_2025/silhuetas/PAL/FORMATO.png,2,0,0,0,0,1,4,2,9,7,1,2,0,0,2,0,0,0,1,0,0,0
98384,Negueba,Luiz Henrique Soares Firmino,negueba,MIR,2305,Atacante,5,Provável,7,6.33,0.0,4.12,0.0,22,29,False,https://s3.glbimg.com/v1/AUTH_58d78b787ec34892b5aaa0c7a146155f/clubes_2025/silhuetas/MIR/FORMATO.png,2,3,0,0,0,15,13,7,9,35,0,4,0,0,3,0,0,0,0,0,0,0
107170,Jeffinho,Jefferson Ruan Pereira dos Santos,jeffinho,BOT,263,Atacante,5,Nulo,6,6.21,1.58,4.09,10.3,11,29,True,https://s3.glbimg.com/v1/AUTH_58d78b787ec34892b5aaa0c7a146155f/clubes_2025/silhuetas/BOT/FORMATO.png,2,0,0,0,0,8,7,3,2,8,0,2,0,0,1,0,0,0,0,0,0,0
101314,Ademir,Ademir da Silva Santos Júnior,ademir,BAH,265,Atacante,5,Provável,7,6.2,0.72,3.77,6.4,21,29,True,https://s3.glbimg.com/v1/AUTH_58d78b787ec34892b5aaa0c7a146155f/clubes_2025/silhuetas/BAH/FORMATO.png,2,5,0,0,0,24,20,10,11,32,0,1,0,0,5,0,0,0,0,0,0,0
90917,Carlos Eduardo,Carlos Eduardo Ferreira de Souza,carlos-eduardo,MIR,2305,Atacante,5,Nulo,6,6.19,2.11,3.14,14.4,16,29,True,https://s3.glbimg.com/v1/AUTH_58d78b787ec34892b5aaa0c7a146155f/clubes_2025/silhuetas/MIR/FORMATO.png,3,2,0,0,0,9,11,5,4,18,0,1,0,0,2,0,0,0,1,0,0,0
87258,Soteldo,Yeferson Julio Soteldo Martínez,soteldo,FLU,266,Atacante,5,Nulo,6,6.15,-0.19,0.85,0.0,16,29,True,https://s3.glbimg.com/v1/AUTH_58d78b787ec34892b5aaa0c7a146155f/clubes_2025/silhuetas/FLU/FORMATO.png,0,1,0,0,0,3,3,1,3,15,0,0,0,0,1,0,0,0,0,0,0,0
110760,Biel,Gabriel Teixeira Aragão,biel,CAM,282,Atacante,5,Nulo,6,6.06,-0.19,2.41,1.8,11,29,True,https://s3.glbimg.com/v1/AUTH_58d78b787ec34892b5aaa0c7a146155f/clubes_2025/silhuetas/CAM/FORMATO.png,1,1,0,0,0,7,4,3,7,8,0,0,0,0,0,0,0,0,0,0,0,0
80076,Zé Roberto,José Roberto Assunção de Araújo Filho,ze-roberto,SPT,292,Atacante,5,Nulo,6,6.0,0.0,0.0,0.0,0,29,False,https://s3.glbimg.com/v1/AUTH_58d78b787ec34892b5aaa0c7a146155f/clubes_2025/silhuetas/SPT/FORMATO.png,0,0,0,0,0,0,0,0,0,0,0,0,0,0,0,0,0,0,0,0,0,0
101002,Júnior Santos,José Antonio dos Santos Júnior,junior-santos,CAM,282,Atacante,5,Contundido,5,5.89,0.0,1.97,0.0,16,29,False,https://s3.glbimg.com/v1/AUTH_58d78b787ec34892b5aaa0c7a146155f/clubes_2025/silhuetas/CAM/FORMATO.png,0,1,0,0,0,4,9,2,5,14,0,2,0,0,3,0,0,0,0,0,0,0
105786,Talles Magno,Talles Magno Bacelar Martins,talles-magno,COR,264,Atacante,5,Nulo,6,5.83,0.0,2.8,0.0,21,29,False,https://s3.glbimg.com/v1/AUTH_58d78b787ec34892b5aaa0c7a146155f/clubes_2025/silhuetas/COR/FORMATO.png,1,2,0,0,0,14,21,6,10,31,1,1,0,0,9,0,0,0,0,0,0,0
132580,Vinicinho,Vinicius Mendonça Pereira,vinicinho,RBB,280,Atacante,5,Contundido,5,5.82,0.0,3.01,0.0,21,29,False,https://s3.glbimg.com/v1/AUTH_58d78b787ec34892b5aaa0c7a146155f/clubes_2025/silhuetas/RBB/FORMATO.png,2,2,0,0,0,20,16,6,6,35,0,0,0,0,4,0,0,0,1,0,0,0
89840,Calleri,Jonathan Calleri,calleri,SAO,276,Atacante,5,Nulo,6,5.78,0.0,-0.77,0.0,3,29,False,https://s3.glbimg.com/v1/AUTH_58d78b787ec34892b5aaa0c7a146155f/clubes_2025/silhuetas/SAO/FORMATO.png,0,0,1,0,0,1,2,1,2,2,0,0,0,0,0,0,0,1,0,0,0,0
115100,Matheus França,Matheus França de Oliveira,matheus-franca,VAS,267,Atacante,5,Nulo,6,5.74,-0.12,1.17,1.1,6,29,True,https://s3.glbimg.com/v1/AUTH_58d78b787ec34892b5aaa0c7a146155f/clubes_2025/silhuetas/VAS/FORMATO.png,0,0,0,0,0,3,4,2,1,1,0,0,0,0,0,0,0,0,0,0,0,0
107726,Chrystian Barletta,Chrystian Amaral Barletta de Almeida,chrystian-barletta,SPT,292,Atacante,5,Nulo,6,5.65,-0.25,3.24,0.5,27,29,True,https://s3.glbimg.com/v1/AUTH_58d78b787ec34892b5aaa0c7a146155f/clubes_2025/silhuetas/SPT/FORMATO.png,0,2,0,0,0,16,12,16,18,28,2,2,0,0,5,0,0,0,0,0,0,0
108474,Santi Moreno,Santiago Moreno,santi-moreno,FLU,266,Atacante,5,Nulo,6,5.64,0.0,1.88,0.0,4,29,False,https://s3.glbimg.com/v1/AUTH_58d78b787ec34892b5aaa0c7a146155f/clubes_2025/silhuetas/FLU/FORMATO.png,0,1,0,0,0,6,5,0,0,2,0,0,0,0,0,0,0,0,0,0,0,0
90309,David,David Correa da Fonseca,david,VAS,267,Atacante,5,Nulo,6,5.63,-1.11,2.83,0.0,15,29,True,https://s3.glbimg.com/v1/AUTH_58d78b787ec34892b5aaa0c7a146155f/clubes_2025/silhuetas/VAS/FORMATO.png,3,1,0,0,0,6,9,2,3,3,0,2,0,0,2,0,0,0,0,0,0,0
81401,Gonçalo Paciência,Gonçalo Mendes Paciência,goncalo-paciencia,SPT,292,Atacante,5,Nulo,6,5.5,0.0,0.58,0.0,4,29,False,https://s3.glbimg.com/v1/AUTH_58d78b787ec34892b5aaa0c7a146155f/clubes_2025/silhuetas/SPT/FORMATO.png,0,0,0,0,0,0,2,0,3,1,0,0,0,0,0,0,0,0,0,0,0,0
77738,Romarinho,Romário Ricardo da Silva,romarinho,VIT,287,Atacante,5,Nulo,6,5.44,0.0,1.56,0.0,5,29,False,https://s3.glbimg.com/v1/AUTH_58d78b787ec34892b5aaa0c7a146155f/clubes_2025/silhuetas/VIT/FORMATO.png,0,0,0,0,0,2,0,1,2,4,0,0,0,0,0,0,0,0,0,0,0,0
91130,Fernandinho,Fernando José Marques Maciel,fernandinho,CEA,354,Atacante,5,Provável,7,5.43,-1.19,3.25,1.0,11,29,True,https://s3.glbimg.com/v1/AUTH_58d78b787ec34892b5aaa0c7a146155f/clubes_2025/silhuetas/CEA/FORMATO.png,1,2,0,0,0,14,9,3,4,16,0,0,0,0,3,0,0,0,0,0,0,0
122781,Caballero,Gustavo Rubén Caballero González,caballero,SAN,277,Atacante,5,Nulo,6,5.4,0.0,3.04,0.0,10,29,False,https://s3.glbimg.com/v1/AUTH_58d78b787ec34892b5aaa0c7a146155f/clubes_2025/silhuetas/SAN/FORMATO.png,1,1,0,0,0,8,7,2,3,8,0,1,0,0,2,0,0,0,0,0,0,0
90285,Bruno Henrique,Bruno Henrique Pinto,bruno-henrique,FLA,262,Atacante,5,Nulo,6,5.38,-0.41,2.33,-0.5,24,29,True,https://s3.glbimg.com/v1/AUTH_58d78b787ec34892b5aaa0c7a146155f/clubes_2025/silhuetas/FLA/FORMATO.png,0,5,0,0,0,13,33,11,12,27,0,2,0,0,10,0,0,0,0,0,0,0
133669,Alysson,Alysson Edward Franco da Rocha dos Santos,alysson,GRE,284,Atacante,5,Provável,7,5.37,0.0,4.29,0.0,20,29,False,https://s3.glbimg.com/v1/AUTH_58d78b787ec34892b5aaa0c7a146155f/clubes_2025/silhuetas/GRE/FORMATO.png,1,2,0,0,0,31,15,5,7,37,1,1,0,0,3,0,0,0,0,0,0,0
123738,Herrera,José María Herrera Ares,herrera,FOR,356,Atacante,5,Provável,7,5.33,0.42,2.9,4.0,9,29,True,https://s3.glbimg.com/v1/AUTH_58d78b787ec34892b5aaa0c7a146155f/clubes_2025/silhuetas/FOR/FORMATO.png,0,1,0,0,0,10,9,4,10,4,0,0,0,0,0,0,0,0,0,0,0,0
92708,Deyverson,Deyverson Brum Silva,deyverson,FOR,356,Atacante,5,Provável,7,5.32,0.0,2.84,0.0,18,29,False,https://s3.glbimg.com/v1/AUTH_58d78b787ec34892b5aaa0c7a146155f/clubes_2025/silhuetas/FOR/FORMATO.png,0,2,0,0,0,6,13,4,13,22,2,2,0,0,3,0,0,0,0,0,0,0
69138,Pablo,Pablo Felipe Teixeira,pablo,SPT,292,Atacante,5,Nulo,6,5.31,-0.27,2.03,0.8,14,29,True,https://s3.glbimg.com/v1/AUTH_58d78b787ec34892b5aaa0c7a146155f/clubes_2025/silhuetas/SPT/FORMATO.png,0,1,0,0,0,6,10,2,7,16,0,1,0,0,6,0,0,0,0,0,0,0
99119,Lucas Braga,Lucas Braga Ribeiro,lucas-braga,VIT,287,Atacante,5,Nulo,6,5.22,0.33,2.28,3.8,16,29,True,https://s3.glbimg.com/v1/AUTH_58d78b787ec34892b5aaa0c7a146155f/clubes_2025/silhuetas/VIT/FORMATO.png,0,1,0,0,0,10,12,2,4,20,1,1,0,0,3,0,0,0,0,0,0,0
92811,Bruno Rodrigues,Bruno Rafael Rodrigues do Nascimento,bruno-rodrigues,PAL,275,Atacante,5,Nulo,6,5.19,0.0,0.6,0.0,2,29,False,https://s3.glbimg.com/v1/AUTH_58d78b787ec34892b5aaa0c7a146155f/clubes_2025/silhuetas/PAL/FORMATO.png,0,0,0,0,0,0,0,1,0,0,0,0,0,0,0,0,0,0,0,0,0,0
124757,Nathan Fernandes,Nathan Ribeiro Fernandes,nathan-fernandes,BOT,263,Atacante,5,Contundido,5,5.19,0.0,3.14,0.0,9,29,False,https://s3.glbimg.com/v1/AUTH_58d78b787ec34892b5aaa0c7a146155f/clubes_2025/silhuetas/BOT/FORMATO.png,2,0,0,0,0,3,3,3,1,5,0,1,0,0,2,0,0,0,0,0,0,0
88323,Ángel Romero,Ángel Rodrigo Romero Villamayor,angel-romero,COR,264,Atacante,5,Nulo,6,5.17,-0.41,1.87,0.0,23,29,True,https://s3.glbimg.com/v1/AUTH_58d78b787ec34892b5aaa0c7a146155f/clubes_2025/silhuetas/COR/FORMATO.png,1,4,1,0,0,15,11,4,10,22,1,0,0,0,7,0,0,0,0,0,0,0
111831,Matheus Martins,Matheus Martins Silva dos Santos,matheus-martins,BOT,263,Atacante,5,Nulo,6,5.11,-0.36,2.59,0.0,13,29,True,https://s3.glbimg.com/v1/AUTH_58d78b787ec34892b5aaa0c7a146155f/clubes_2025/silhuetas/BOT/FORMATO.png,0,2,0,0,0,7,8,8,3,15,0,1,0,0,0,0,0,0,0,0,0,0
93478,Wanderson,Wanderson Maciel Sousa Campos,wanderson,CRU,283,Atacante,5,Provável,7,5.02,0.34,1.96,2.7,26,29,True,https://s3.glbimg.com/v1/AUTH_58d78b787ec34892b5aaa0c7a146155f/clubes_2025/silhuetas/CRU/FORMATO.png,2,2,0,0,0,11,26,10,16,14,1,0,0,0,6,0,0,0,0,0,0,0
99818,Paulinho,Paulo Henrique Sampaio Filho,paulinho,PAL,275,Atacante,5,Contundido,5,5.0,0.0,1.03,0.0,7,29,False,https://s3.glbimg.com/v1/AUTH_58d78b787ec34892b5aaa0c7a146155f/clubes_2025/silhuetas/PAL/FORMATO.png,0,0,0,0,0,2,1,1,3,2,0,0,0,0,1,0,0,0,0,0,0,0
109138,Kike Saverio,Javier Enrique Delgado Saverio,kike-saverio,VIT,287,Atacante,5,Nulo,6,5.0,0.0,0.0,0.0,0,29,False,https://s3.glbimg.com/v1/AUTH_58d78b787ec34892b5aaa0c7a146155f/clubes_2025/silhuetas/VIT/FORMATO.png,0,0,0,0,0,0,0,0,0,0,0,0,0,0,0,0,0,0,0,0,0,0
114400,Brahimi,Billal Brahimi - Bilal,brahimi,SAN,277,Atacante,5,Nulo,6,4.99,0.0,1.2,0.0,1,29,False,https://s3.glbimg.com/v1/AUTH_58d78b787ec34892b5aaa0c7a146155f/clubes_2025/silhuetas/SAN/FORMATO.png,0,0,0,0,0,0,0,1,0,0,0,0,0,0,0,0,0,0,0,0,0,0
91908,Pavón,Cristian David Pavón,pavon,GRE,284,Atacante,5,Nulo,6,4.92,-0.36,2.61,1.5,18,29,True,https://s3.glbimg.com/v1/AUTH_58d78b787ec34892b5aaa0c7a146155f/clubes_2025/silhuetas/GRE/FORMATO.png,2,4,0,0,0,16,9,6,10,10,0,0,0,0,2,0,0,0,0,0,0,0
136955,Sanabria,Mateo Naín Sanabria Doracio,sanabria,BAH,265,Atacante,5,Dúvida,2,4.83,-0.03,1.83,1.7,7,29,True,https://s3.glbimg.com/v1/AUTH_58d78b787ec34892b5aaa0c7a146155f/clubes_2025/silhuetas/BAH/FORMATO.png,0,0,1,0,0,3,5,2,2,18,0,0,0,0,2,0,0,0,0,0,0,0
121792,André,André Henrique da Silva Martins,andre,GRE,284,Atacante,5,Nulo,6,4.83,0.0,4.31,0.0,16,29,False,https://s3.glbimg.com/v1/AUTH_58d78b787ec34892b5aaa0c7a146155f/clubes_2025/silhuetas/GRE/FORMATO.png,2,3,0,0,0,12,7,6,9,11,1,3,0,0,1,0,0,0,0,0,0,0
118775,Lautaro Díaz,Lautaro Ariel Díaz,lautaro-diaz,SAN,277,Atacante,5,Provável,7,4.81,-0.35,3.31,0.7,13,29,True,https://s3.glbimg.com/v1/AUTH_58d78b787ec34892b5aaa0c7a146155f/clubes_2025/silhuetas/SAN/FORMATO.png,1,1,0,0,0,8,14,2,9,6,1,2,0,0,3,0,0,0,0,0,0,0
111951,Renzo López,Renzo López Patrón,renzo-lopez,VIT,287,Atacante,5,Nulo,6,4.8,-0.11,2.0,1.4,14,29,True,https://s3.glbimg.com/v1/AUTH_58d78b787ec34892b5aaa0c7a146155f/clubes_2025/silhuetas/VIT/FORMATO.png,0,4,0,0,0,7,12,4,4,11,1,1,0,0,3,0,0,0,1,0,0,0
122302,Cristian,Cristian Renato Gonçalves Riquelme,cristian,MIR,2305,Atacante,5,Provável,7,4.78,-0.81,3.22,1.4,23,29,True,https://s3.glbimg.com/v1/AUTH_58d78b787ec34892b5aaa0c7a146155f/clubes_2025/silhuetas/MIR/FORMATO.png,2,2,0,0,0,8,18,13,9,9,0,4,0,0,0,0,0,0,0,0,0,0
124280,Ricardo Mathias,Ricardo Mathias da Silva,ricardo-mathias,INT,285,Atacante,5,Nulo,6,4.78,0.0,2.56,0.0,15,29,False,https://s3.glbimg.com/v1/AUTH_58d78b787ec34892b5aaa0c7a146155f/clubes_2025/silhuetas/INT/FORMATO.png,0,1,0,0,0,2,14,4,5,10,1,3,0,0,2,0,0,0,0,0,0,0
142004,Amuzu,Francis Amuzu,amuzu,GRE,284,Atacante,5,Provável,7,4.74,-0.61,2.93,0.5,15,29,True,https://s3.glbimg.com/v1/AUTH_58d78b787ec34892b5aaa0c7a146155f/clubes_2025/silhuetas/GRE/FORMATO.png,1,2,0,0,0,4,7,5,11,13,0,2,0,0,2,0,0,0,0,0,0,0
103576,Rafael Bilu,Rafael Bilu Mudesto,rafael-bilu,JUV,286,Atacante,5,Provável,7,4.72,-0.25,3.28,1.4,6,29,True,https://s3.glbimg.com/v1/AUTH_58d78b787ec34892b5aaa0c7a146155f/clubes_2025/silhuetas/JUV/FORMATO.png,0,0,0,0,0,2,11,1,1,14,1,1,0,0,0,0,0,0,0,0,0,0
61188,Gilberto,Gilberto Oliveira Souza Júnior,gilberto,JUV,286,Atacante,5,Provável,7,4.44,0.32,2.15,2.9,19,29,True,https://s3.glbimg.com/v1/AUTH_58d78b787ec34892b5aaa0c7a146155f/clubes_2025/silhuetas/JUV/FORMATO.png,2,5,0,0,0,5,21,9,6,15,0,2,0,0,4,0,0,1,0,0,0,0
85930,Aylon,Aylon Darwin Tavella,aylon,CEA,354,Atacante,5,Nulo,6,4.44,0.0,2.97,0.0,16,29,False,https://s3.glbimg.com/v1/AUTH_58d78b787ec34892b5aaa0c7a146155f/clubes_2025/silhuetas/CEA/FORMATO.png,0,3,0,0,0,12,19,4,6,18,1,2,0,0,2,0,0,0,1,0,0,0
107516,Ênio,Sebastião Ênio Santos de Almeida,enio,JUV,286,Atacante,5,Nulo,6,4.44,-0.02,2.83,0.8,17,29,True,https://s3.glbimg.com/v1/AUTH_58d78b787ec34892b5aaa0c7a146155f/clubes_2025/silhuetas/JUV/FORMATO.png,0,3,0,0,0,7,5,4,8,25,1,2,0,0,5,0,0,0,0,0,0,0
89048,Héctor Hernández,Héctor José Hernández Marrero,hector-hernandez,COR,264,Atacante,5,Nulo,6,4.39,0.0,2.18,0.0,9,29,False,https://s3.glbimg.com/v1/AUTH_58d78b787ec34892b5aaa0c7a146155f/clubes_2025/silhuetas/COR/FORMATO.png,0,0,0,0,0,5,4,2,2,3,0,1,0,0,2,0,0,0,0,0,0,0
105900,Allanzinho,Allan Victor Oliveira Mota,allanzinho,FOR,356,Atacante,5,Contundido,5,4.29,0.0,2.69,0.0,7,29,False,https://s3.glbimg.com/v1/AUTH_58d78b787ec34892b5aaa0c7a146155f/clubes_2025/silhuetas/FOR/FORMATO.png,2,1,0,0,0,2,5,0,3,10,0,0,0,0,1,0,0,0,1,0,0,0
90307,Juninho,Olávio Vieira dos Santos Júnior,juninho,FLA,262,Atacante,5,Nulo,6,4.24,0.0,1.56,0.0,11,29,False,https://s3.glbimg.com/v1/AUTH_58d78b787ec34892b5aaa0c7a146155f/clubes_2025/silhuetas/FLA/FORMATO.png,0,0,0,0,0,5,7,2,2,4,2,0,0,0,2,0,0,0,0,0,0,0
106918,Paulo Baya,Paulo Henrique Silva Ribeiro,paulo-baya,CEA,354,Atacante,5,Nulo,6,4.21,0.12,2.34,1.6,12,29,True,https://s3.glbimg.com/v1/AUTH_58d78b787ec34892b5aaa0c7a146155f/clubes_2025/silhuetas/CEA/FORMATO.png,1,0,0,0,0,3,1,5,5,2,0,1,0,0,1,0,0,0,0,0,0,0
99316,Dinenno,Juan Ignacio Dinenno de Cara,dinenno,SAO,276,Atacante,5,Contundido,5,4.18,0.0,1.56,0.0,8,29,False,https://s3.glbimg.com/v1/AUTH_58d78b787ec34892b5aaa0c7a146155f/clubes_2025/silhuetas/SAO/FORMATO.png,0,2,0,0,0,1,6,2,3,4,0,1,0,0,0,0,0,0,0,0,0,0
122573,Wallace Yan,Wallace Yan de Souza Barreto,wallace-yan,FLA,262,Atacante,5,Nulo,6,4.16,0.0,2.66,0.0,11,29,False,https://s3.glbimg.com/v1/AUTH_58d78b787ec34892b5aaa0c7a146155f/clubes_2025/silhuetas/FLA/FORMATO.png,2,3,1,0,0,4,7,1,5,17,0,1,0,0,2,0,0,0,0,0,0,0
106681,Léo Pereira,Leonardo Augusto dos Santos Pereira,leo-pereira,SPT,292,Atacante,5,Nulo,6,4.1,0.0,2.6,0.0,15,29,False,https://s3.glbimg.com/v1/AUTH_58d78b787ec34892b5aaa0c7a146155f/clubes_2025/silhuetas/SPT/FORMATO.png,1,0,0,0,0,12,11,4,5,24,0,0,0,0,4,0,0,0,0,0,0,0
96684,Rigoni,Emiliano Ariel Rigoni,rigoni,SAO,276,Atacante,5,Nulo,6,3.98,-0.6,1.14,-0.2,5,29,True,https://s3.glbimg.com/v1/AUTH_58d78b787ec34892b5aaa0c7a146155f/clubes_2025/silhuetas/SAO/FORMATO.png,1,1,1,0,0,0,5,2,1,1,1,0,0,0,5,0,0,0,0,0,0,0
117930,Lavega,Joaquín Lavega Colzada,lavega,FLU,266,Atacante,5,Nulo,6,3.98,0.0,1.55,0.0,2,29,False,https://s3.glbimg.com/v1/AUTH_58d78b787ec34892b5aaa0c7a146155f/clubes_2025/silhuetas/FLU/FORMATO.png,0,0,0,0,0,0,0,1,0,4,0,0,0,0,1,0,0,0,0,0,0,0
84523,Romarinho,José Romário Silva de Souza,romarinho,SPT,292,Atacante,5,Provável,7,3.95,-0.13,2.36,2.4,16,29,True,https://s3.glbimg.com/v1/AUTH_58d78b787ec34892b5aaa0c7a146155f/clubes_2025/silhuetas/SPT/FORMATO.png,1,0,0,0,0,3,1,2,3,16,0,2,0,0,2,0,0,0,0,0,0,0
111829,Kayky,Kayky da Silva Chagas,kayky,BAH,265,Atacante,5,Dúvida,2,3.92,0.63,2.28,5.0,22,29,True,https://s3.glbimg.com/v1/AUTH_58d78b787ec34892b5aaa0c7a146155f/clubes_2025/silhuetas/BAH/FORMATO.png,2,2,0,0,0,15,8,5,2,9,0,1,0,0,1,0,0,0,2,0,0,0
99248,Bareiro,Adam Fernando Bareiro Gamarra,bareiro,FOR,356,Atacante,5,Nulo,6,3.91,0.0,1.4,0.0,11,29,False,https://s3.glbimg.com/v1/AUTH_58d78b787ec34892b5aaa0c7a146155f/clubes_2025/silhuetas/FOR/FORMATO.png,0,2,1,0,0,3,14,7,2,6,1,1,0,0,0,0,0,1,0,0,0,0
102561,Mastriani,Gonzalo Mathías Mastriani Borges,mastriani,BOT,263,Atacante,5,Nulo,6,3.9,-0.18,0.71,0.0,9,29,True,https://s3.glbimg.com/v1/AUTH_58d78b787ec34892b5aaa0c7a146155f/clubes_2025/silhuetas/BOT/FORMATO.png,0,1,0,0,0,2,4,1,4,3,0,0,0,0,3,0,0,0,0,0,0,0
108548,Aravena,Alexander Ernesto Aravena Guzmán,aravena,GRE,284,Atacante,5,Nulo,6,3.9,0.18,2.37,1.6,18,29,True,https://s3.glbimg.com/v1/AUTH_58d78b787ec34892b5aaa0c7a146155f/clubes_2025/silhuetas/GRE/FORMATO.png,0,1,0,0,0,6,6,1,6,7,1,3,0,0,1,0,0,0,0,0,0,0
104134,Fabri,Fabrício do Rosário dos Santos,fabri,VIT,287,Atacante,5,Contundido,5,3.87,0.0,1.93,0.0,16,29,False,https://s3.glbimg.com/v1/AUTH_58d78b787ec34892b5aaa0c7a146155f/clubes_2025/silhuetas/VIT/FORMATO.png,1,0,0,0,0,12,17,3,8,8,0,0,0,0,0,0,0,0,0,0,0,0
133543,Gui Negão,Guilherme William Silva Inácio,gui-negao,COR,264,Atacante,5,Nulo,6,3.84,0.11,3.32,1.5,14,29,True,https://s3.glbimg.com/v1/AUTH_58d78b787ec34892b5aaa0c7a146155f/clubes_2025/silhuetas/COR/FORMATO.png,1,3,0,0,0,11,26,0,2,21,0,3,0,0,3,0,0,0,0,0,0,0
96831,Carlinhos,Carlos Moisés de Lima,carlinhos,VIT,287,Atacante,5,Nulo,6,3.83,-0.47,1.12,0.5,5,29,True,https://s3.glbimg.com/v1/AUTH_58d78b787ec34892b5aaa0c7a146155f/clubes_2025/silhuetas/VIT/FORMATO.png,0,2,1,0,0,1,8,0,4,1,0,1,0,0,2,0,0,0,0,0,0,0
103764,Gabriel Veron,Gabriel Veron Fonseca de Souza,gabriel-veron,JUV,286,Atacante,5,Nulo,6,3.71,0.44,1.15,3.2,17,29,True,https://s3.glbimg.com/v1/AUTH_58d78b787ec34892b5aaa0c7a146155f/clubes_2025/silhuetas/JUV/FORMATO.png,0,0,0,0,0,8,9,3,3,9,0,0,0,0,2,0,0,0,0,0,0,0
92085,Giovanny,Giovanny Bariani Marques,giovanny,JUV,286,Atacante,5,Nulo,6,3.63,0.0,1.82,0.0,11,29,False,https://s3.glbimg.com/v1/AUTH_58d78b787ec34892b5aaa0c7a146155f/clubes_2025/silhuetas/JUV/FORMATO.png,1,1,0,0,0,3,4,0,6,10,1,0,0,0,1,0,0,0,0,0,0,0
94444,Matheus Babi,Matheus Barcelos da Silva,matheus-babi,JUV,286,Atacante,5,Nulo,6,3.63,-0.24,1.8,1.0,15,29,True,https://s3.glbimg.com/v1/AUTH_58d78b787ec34892b5aaa0c7a146155f/clubes_2025/silhuetas/JUV/FORMATO.png,0,4,0,0,0,7,14,0,4,12,0,2,0,0,4,0,0,0,0,0,0,0
140542,Ryan Francisco,Ryan Francisco Rodrigues dos Santos Silva,ryan-francisco,SAO,276,Atacante,5,Contundido,5,3.62,0.0,2.69,0.0,7,29,False,https://s3.glbimg.com/v1/AUTH_58d78b787ec34892b5aaa0c7a146155f/clubes_2025/silhuetas/SAO/FORMATO.png,0,0,0,0,0,0,4,0,2,5,0,2,0,0,1,0,0,0,0,0,0,0
42222,Osvaldo,Osvaldo Lourenço Filho,osvaldo,VIT,287,Atacante,5,Nulo,6,3.59,-0.28,1.89,0.0,23,29,True,https://s3.glbimg.com/v1/AUTH_58d78b787ec34892b5aaa0c7a146155f/clubes_2025/silhuetas/VIT/FORMATO.png,2,3,0,0,0,9,6,6,8,17,1,0,0,0,4,0,0,0,0,0,0,0
117403,Renato Marques,Renato Marques de Oliveira Júnior,renato-marques,MIR,2305,Atacante,5,Nulo,6,3.58,0.58,2.2,2.2,1,29,True,https://s3.glbimg.com/v1/AUTH_58d78b787ec34892b5aaa0c7a146155f/clubes_2025/silhuetas/MIR/FORMATO.png,0,0,0,0,0,0,0,1,0,2,0,0,0,0,0,0,0,0,0,0,0,0
123004,Tiago,Tiago Souza de Jesus Carvalho,tiago,BAH,265,Atacante,5,Dúvida,2,3.53,-0.92,2.73,2.6,14,29,True,https://s3.glbimg.com/v1/AUTH_58d78b787ec34892b5aaa0c7a146155f/clubes_2025/silhuetas/BAH/FORMATO.png,1,1,0,0,0,9,13,2,5,19,0,1,0,0,2,0,0,0,1,0,0,0
113158,Marquinhos,Marcus Vinícius Oliveira Alencar,marquinhos,CRU,283,Atacante,5,Contundido,5,3.51,0.0,1.25,0.0,17,29,False,https://s3.glbimg.com/v1/AUTH_58d78b787ec34892b5aaa0c7a146155f/clubes_2025/silhuetas/CRU/FORMATO.png,0,1,0,0,0,7,4,2,8,8,0,0,0,0,0,0,0,0,0,0,0,0
140364,João Marcelo,João Marcelo Soares de Freitas,joao-marcelo,CAM,282,Atacante,5,Nulo,6,3.46,0.0,1.51,0.0,7,29,False,https://s3.glbimg.com/v1/AUTH_58d78b787ec34892b5aaa0c7a146155f/clubes_2025/silhuetas/CAM/FORMATO.png,1,0,0,0,0,1,3,3,2,0,0,0,0,0,2,0,0,0,0,0,0,0
124239,Henry Mosquera,Henry David Mosquera Sánchez,henry-mosquera,RBB,280,Atacante,5,Nulo,6,3.44,0.0,1.76,0.0,16,29,False,https://s3.glbimg.com/v1/AUTH_58d78b787ec34892b5aaa0c7a146155f/clubes_2025/silhuetas/RBB/FORMATO.png,0,0,0,0,0,10,13,9,3,8,0,0,0,0,2,0,0,0,0,0,0,0
140484,Riquelme Felipe,Riquelme Felipe Silva de Almeida,riquelme-felipe,FLU,266,Atacante,5,Nulo,6,3.43,0.0,1.0,0.0,5,29,False,https://s3.glbimg.com/v1/AUTH_58d78b787ec34892b5aaa0c7a146155f/clubes_2025/silhuetas/FLU/FORMATO.png,0,0,0,0,0,2,1,0,1,3,0,0,0,0,0,0,0,0,0,0,0,0
122166,Edison Negueba,Edison Custódio dos Santos,edison-negueba,JUV,286,Atacante,5,Nulo,6,3.42,0.0,1.5,0.0,2,29,False,https://s3.glbimg.com/v1/AUTH_58d78b787ec34892b5aaa0c7a146155f/clubes_2025/silhuetas/JUV/FORMATO.png,0,0,0,0,0,2,0,0,0,0,0,0,0,0,0,0,0,0,0,0,0,0
100695,Fernando,Fernando dos Santos Pedro,fernando,RBB,280,Atacante,5,Nulo,6,3.36,-0.1,1.15,0.2,8,29,True,https://s3.glbimg.com/v1/AUTH_58d78b787ec34892b5aaa0c7a146155f/clubes_2025/silhuetas/RBB/FORMATO.png,0,0,0,0,0,1,2,3,4,3,0,0,0,0,0,0,0,0,0,0,0,0
141401,Kayke Queiroz,Kayke Gouvêa Queiroz,kayke-queiroz,FOR,356,Atacante,5,Nulo,6,3.34,0.34,1.6,1.6,1,29,True,https://s3.glbimg.com/v1/AUTH_58d78b787ec34892b5aaa0c7a146155f/clubes_2025/silhuetas/FOR/FORMATO.png,0,0,0,0,0,0,0,0,2,0,0,0,0,0,0,0,0,0,0,0,0,0
78117,Everaldo,Everaldo Stum,everaldo,FLU,266,Atacante,5,Nulo,6,3.32,0.0,1.67,0.0,20,29,False,https://s3.glbimg.com/v1/AUTH_58d78b787ec34892b5aaa0c7a146155f/clubes_2025/silhuetas/FLU/FORMATO.png,0,1,0,0,0,3,18,6,9,12,1,2,0,0,1,0,0,1,0,0,0,0
122420,Lucca,Lucca Holanda Sampaio Tavares,lucca,CEA,354,Atacante,5,Nulo,6,3.13,0.0,1.4,0.0,4,29,False,https://s3.glbimg.com/v1/AUTH_58d78b787ec34892b5aaa0c7a146155f/clubes_2025/silhuetas/CEA/FORMATO.png,0,0,0,0,0,1,3,1,1,6,0,0,0,0,0,0,0,0,0,0,0,0
86292,Bolasie,Yannick Bolasie,bolasie,CRU,283,Atacante,5,Nulo,6,3.04,-0.08,0.65,-0.3,14,29,True,https://s3.glbimg.com/v1/AUTH_58d78b787ec34892b5aaa0c7a146155f/clubes_2025/silhuetas/CRU/FORMATO.png,1,1,0,0,0,3,10,1,1,3,0,0,0,0,1,0,0,0,0,0,0,0
115586,Emerson Galego,Emerson Mendes de Carvalho,emerson-galego,JUV,286,Atacante,5,Nulo,6,3.01,0.0,1.25,0.0,2,29,False,https://s3.glbimg.com/v1/AUTH_58d78b787ec34892b5aaa0c7a146155f/clubes_2025/silhuetas/JUV/FORMATO.png,0,0,0,0,0,1,0,0,0,2,0,0,0,0,0,0,0,0,0,0,0,0
123359,Cadu,Carlos Eduardo Amaral Pereira de Castro,cadu,CAM,282,Atacante,5,Nulo,6,3.0,0.0,0.0,0.0,0,29,False,https://s3.glbimg.com/v1/AUTH_58d78b787ec34892b5aaa0c7a146155f/clubes_2025/silhuetas/CAM/FORMATO.png,0,0,0,0,0,0,0,0,0,0,0,0,0,0,0,0,0,0,0,0,0,0
130612,Luighi,Luighi Hanri Sousa Santos,luighi,PAL,275,Atacante,5,Nulo,6,2.95,0.0,1.05,0.0,6,29,False,https://s3.glbimg.com/v1/AUTH_58d78b787ec34892b5aaa0c7a146155f/clubes_2025/silhuetas/PAL/FORMATO.png,0,0,0,0,0,4,5,0,0,4,0,0,0,0,2,0,0,0,0,0,0,0
140906,Davi Gomes,Davi Gomes de Alvarenga,davi-gomes,RBB,280,Atacante,5,Nulo,6,2.93,0.0,3.3,0.0,4,29,False,https://s3.glbimg.com/v1/AUTH_58d78b787ec34892b5aaa0c7a146155f/clubes_2025/silhuetas/RBB/FORMATO.png,0,0,0,0,0,1,2,1,2,3,0,1,0,0,0,0,0,0,0,0,0,0
130386,Maceió,Everton Leandro de Oliveira Santos,maceio,MIR,2305,Atacante,5,Nulo,6,2.81,0.0,0.78,0.0,6,29,False,https://s3.glbimg.com/v1/AUTH_58d78b787ec34892b5aaa0c7a146155f/clubes_2025/silhuetas/MIR/FORMATO.png,0,1,0,0,0,1,2,1,4,3,0,0,0,0,1,0,0,0,0,0,0,0
141806,Guilherme,Guilherme Luiz Oliveira da Silva,guilherme,CEA,354,Atacante,5,Nulo,6,2.75,0.0,1.53,0.0,6,29,False,https://s3.glbimg.com/v1/AUTH_58d78b787ec34892b5aaa0c7a146155f/clubes_2025/silhuetas/CEA/FORMATO.png,0,1,0,0,0,5,6,1,1,5,0,0,0,0,0,0,0,0,0,0,0,0
122487,GB,Gabriel Souza da Silva,gb,VAS,267,Atacante,5,Nulo,6,2.67,-0.66,2.14,1.5,5,29,True,https://s3.glbimg.com/v1/AUTH_58d78b787ec34892b5aaa0c7a146155f/clubes_2025/silhuetas/VAS/FORMATO.png,0,0,0,0,0,2,1,0,0,0,0,1,0,0,0,0,0,0,0,0,0,0
99221,Ignacio Ramírez,Juan Ignacio Ramírez Polero,ignacio-ramirez,SPT,292,Atacante,5,Nulo,6,2.32,0.0,0.82,0.0,7,29,False,https://s3.glbimg.com/v1/AUTH_58d78b787ec34892b5aaa0c7a146155f/clubes_2025/silhuetas/SPT/FORMATO.png,0,1,0,0,0,1,6,3,3,2,0,0,0,0,0,0,0,0,0,0,0,0
117314,Thiago Borbas,Thiago Nicolás Borbas Silva,thiago-borbas,RBB,280,Atacante,5,Dúvida,2,2.3,-0.07,1.73,-0.3,16,29,True,https://s3.glbimg.com/v1/AUTH_58d78b787ec34892b5aaa0c7a146155f/clubes_2025/silhuetas/RBB/FORMATO.png,1,4,0,0,0,8,15,3,5,7,0,1,0,0,0,0,0,0,0,0,0,0
139455,Caio Maia,Caio da Silva Maia,caio-maia,CAM,282,Atacante,5,Contundido,5,2.0,0.0,0.0,0.0,0,29,False,https://s3.glbimg.com/v1/AUTH_58d78b787ec34892b5aaa0c7a146155f/clubes_2025/silhuetas/CAM/FORMATO.png,0,0,0,0,0,0,0,0,0,0,0,0,0,0,0,0,0,0,0,0,0,0
141595,Gabriel Mec,Gabriel Ferreira de Carvalho,gabriel-mec,GRE,284,Atacante,5,Nulo,6,2.0,0.0,0.0,0.0,0,29,False,https://s3.glbimg.com/v1/AUTH_58d78b787ec34892b5aaa0c7a146155f/clubes_2025/silhuetas/GRE/FORMATO.png,0,0,0,0,0,0,0,0,0,0,0,0,0,0,0,0,0,0,0,0,0,0
142867,Robinho Jr.,Robson de Souza Júnior,robinho-jr,SAN,277,Atacante,5,Nulo,6,1.99,-0.18,1.05,0.0,7,29,True,https://s3.glbimg.com/v1/AUTH_58d78b787ec34892b5aaa0c7a146155f/clubes_2025/silhuetas/SAN/FORMATO.png,0,0,0,0,0,3,1,0,2,3,0,0,0,0,0,0,0,0,0,0,0,0
121824,Kayke,Kayke Ferrari Guimarães,kayke,COR,264,Atacante,5,Nulo,6,1.85,0.0,1.25,0.0,6,29,False,https://s3.glbimg.com/v1/AUTH_58d78b787ec34892b5aaa0c7a146155f/clubes_2025/silhuetas/COR/FORMATO.png,0,0,0,0,0,4,3,0,2,2,0,0,0,0,2,0,0,0,0,0,0,0
143253,Wendell,Wendell dos Santos Sacramento,wendell,VIT,287,Atacante,5,Nulo,6,1.83,0.0,2.5,0.0,1,29,False,https://s3.glbimg.com/v1/AUTH_58d78b787ec34892b5aaa0c7a146155f/clubes_2025/silhuetas/VIT/FORMATO.png,0,0,0,0,0,1,0,0,0,2,0,0,0,0,0,0,0,0,0,0,0,0
108671,Garré,Benjamín Antonio Garré,garre,VAS,267,Atacante,5,Nulo,6,1.83,0.0,0.02,0.0,8,29,False,https://s3.glbimg.com/v1/AUTH_58d78b787ec34892b5aaa0c7a146155f/clubes_2025/silhuetas/VAS/FORMATO.png,0,1,0,0,0,1,6,0,0,3,0,0,0,0,0,0,0,0,0,0,0,0
122539,Léo Jacó,Leonardo Gomes da Silva Jacó,leo-jaco,VAS,267,Atacante,5,Nulo,6,1.45,0.0,1.4,0.0,1,29,False,https://s3.glbimg.com/v1/AUTH_58d78b787ec34892b5aaa0c7a146155f/clubes_2025/silhuetas/VAS/FORMATO.png,0,0,0,0,0,1,2,0,0,1,0,0,0,0,0,0,0,0,0,0,0,0
145379,Kauê Furquim,Kauê Junior Furquim da Silva,kaue-furquim,BAH,265,Atacante,5,Nulo,6,1.17,0.0,0.7,0.0,1,29,False,https://s3.glbimg.com/v1/AUTH_58d78b787ec34892b5aaa0c7a146155f/clubes_2025/silhuetas/BAH/FORMATO.png,0,0,0,0,0,0,1,0,0,2,0,0,0,0,0,0,0,0,0,0,0,0
130507,Marlon,Marlon Santos Teodoro,marlon,JUV,286,Atacante,5,Nulo,6,1.11,0.0,0.5,0.0,1,29,False,https://s3.glbimg.com/v1/AUTH_58d78b787ec34892b5aaa0c7a146155f/clubes_2025/silhuetas/JUV/FORMATO.png,0,0,0,0,0,0,1,0,1,0,0,0,0,0,0,0,0,0,0,0,0,0
124247,Isaac,Isaac Aguiar Tomich,isaac,CAM,282,Atacante,5,Nulo,6,1.1,0.0,0.5,0.0,1,29,False,https://s3.glbimg.com/v1/AUTH_58d78b787ec34892b5aaa0c7a146155f/clubes_2025/silhuetas/CAM/FORMATO.png,0,0,0,0,0,0,0,0,0,1,0,0,0,0,0,0,0,0,0,0,0,0
137542,Kaique Kenji,Kaique Kenji Takamura Correa,kaique-kenji,CRU,283,Atacante,5,Nulo,6,1.09,0.0,0.5,0.0,2,29,False,https://s3.glbimg.com/v1/AUTH_58d78b787ec34892b5aaa0c7a146155f/clubes_2025/silhuetas/CRU/FORMATO.png,0,0,0,0,0,0,0,0,0,2,0,0,0,0,0,0,0,0,0,0,0,0
141609,Lucca,Lucca Marques Alencar,lucca,SAO,276,Atacante,5,Nulo,6,1.08,0.0,0.68,0.0,4,29,False,https://s3.glbimg.com/v1/AUTH_58d78b787ec34892b5aaa0c7a146155f/clubes_2025/silhuetas/SAO/FORMATO.png,0,0,0,0,0,1,4,0,0,5,0,0,0,0,1,0,0,0,0,0,0,0
137375,Micael,Micael de Barros Viturino,micael,SPT,292,Atacante,5,Nulo,6,1.0,0.0,0.0,0.0,0,29,False,https://s3.glbimg.com/v1/AUTH_58d78b787ec34892b5aaa0c7a146155f/clubes_2025/silhuetas/SPT/FORMATO.png,0,0,0,0,0,0,0,0,0,0,0,0,0,0,0,0,0,0,0,0,0,0
141614,Paulinho,Paulo Sérgio Venuto Bezerra,paulinho,SAO,276,Atacante,5,Nulo,6,1.0,0.0,0.0,0.0,0,29,False,https://s3.glbimg.com/v1/AUTH_58d78b787ec34892b5aaa0c7a146155f/clubes_2025/silhuetas/SAO/FORMATO.png,0,0,0,0,0,0,0,0,0,0,0,0,0,0,0,0,0,0,0,0,0,0
141771,Athyrson,Athyrson Ferreira Prates,athyrson,RBB,280,Atacante,5,Nulo,6,1.0,0.0,0.0,0.0,0,29,False,https://s3.glbimg.com/v1/AUTH_58d78b787ec34892b5aaa0c7a146155f/clubes_2025/silhuetas/RBB/FORMATO.png,0,0,0,0,0,0,0,0,0,0,0,0,0,0,0,0,0,0,0,0,0,0
142086,Kauan Toledo,Kauan Almeida Toledo,kauan-toledo,BOT,263,Atacante,5,Nulo,6,1.0,0.0,0.0,0.0,0,29,False,https://s3.glbimg.com/v1/AUTH_58d78b787ec34892b5aaa0c7a146155f/clubes_2025/silhuetas/BOT/FORMATO.png,0,0,0,0,0,0,0,0,0,0,0,0,0,0,0,0,0,0,0,0,0,0
142261,Jeferson,Jeferson Borges dos Santos,jeferson,GRE,284,Atacante,5,Nulo,6,1.0,0.0,0.0,0.0,0,29,False,https://s3.glbimg.com/v1/AUTH_58d78b787ec34892b5aaa0c7a146155f/clubes_2025/silhuetas/GRE/FORMATO.png,0,0,0,0,0,0,0,0,0,0,0,0,0,0,0,0,0,0,0,0,0,0
142265,Dell,Wendeson Wanderley Santos de Melo,dell,BAH,265,Atacante,5,Nulo,6,1.0,0.0,0.0,0.0,0,29,False,https://s3.glbimg.com/v1/AUTH_58d78b787ec34892b5aaa0c7a146155f/clubes_2025/silhuetas/BAH/FORMATO.png,0,0,0,0,0,0,0,0,0,0,0,0,0,0,0,0,0,0,0,0,0,0
143255,Kauan Vitor,Kauan Vitor Silva Ferreira de Melo,kauan-vitor,VIT,287,Atacante,5,Nulo,6,1.0,0.0,0.0,0.0,0,29,False,https://s3.glbimg.com/v1/AUTH_58d78b787ec34892b5aaa0c7a146155f/clubes_2025/silhuetas/VIT/FORMATO.png,0,0,0,0,0,0,0,0,0,0,0,0,0,0,0,0,0,0,0,0,0,0
143463,Wesley Natã,Wesley Natã de Freitas Prado,wesley-nata,FLU,266,Atacante,5,Nulo,6,1.0,0.0,0.0,0.0,0,29,False,https://s3.glbimg.com/v1/AUTH_58d78b787ec34892b5aaa0c7a146155f/clubes_2025/silhuetas/FLU/FORMATO.png,0,0,0,0,0,0,0,0,0,0,0,0,0,0,0,0,0,0,0,0,0,0
144417,Padula,Pedro Padula Tobias de Aguiar,padula,SAN,277,Atacante,5,Nulo,6,1.0,0.0,0.0,0.0,0,29,False,https://s3.glbimg.com/v1/AUTH_58d78b787ec34892b5aaa0c7a146155f/clubes_2025/silhuetas/SAN/FORMATO.png,0,0,0,0,0,0,0,0,0,0,0,0,0,0,0,0,0,0,0,0,0,0
146400,Diego Minete,Diego Campos Minete,diego-minete,VAS,267,Atacante,5,Nulo,6,1.0,0.0,0.0,0.0,0,29,False,https://s3.glbimg.com/v1/AUTH_58d78b787ec34892b5aaa0c7a146155f/clubes_2025/silhuetas/VAS/FORMATO.png,0,0,0,0,0,0,0,0,0,0,0,0,0,0,0,0,0,0,0,0,0,0
146303,Lyan,Lyan Araujo Santos,lyan,BAH,265,Atacante,5,Nulo,6,1.0,0.0,0.0,0.0,0,29,False,https://s3.glbimg.com/v1/AUTH_58d78b787ec34892b5aaa0c7a146155f/clubes_2025/silhuetas/BAH/FORMATO.png,0,0,0,0,0,0,0,0,0,0,0,0,0,0,0,0,0,0,0,0,0,0
145705,Douglas Telles,Douglas Costa Telles,douglas-telles,FLA,262,Atacante,5,Nulo,6,1.0,0.0,0.0,0.0,0,29,False,https://s3.glbimg.com/v1/AUTH_58d78b787ec34892b5aaa0c7a146155f/clubes_2025/silhuetas/FLA/FORMATO.png,0,0,0,0,0,0,0,0,0,0,0,0,0,0,0,0,0,0,0,0,0,0
146577,Mosquito,Wallysson Breno Freitas da Silva,mosquito,CAM,282,Atacante,5,Nulo,6,1.0,0.0,0.0,0.0,0,29,False,https://s3.glbimg.com/v1/AUTH_58d78b787ec34892b5aaa0c7a146155f/clubes_2025/silhuetas/CAM/FORMATO.png,0,0,0,0,0,0,0,0,0,0,0,0,0,0,0,0,0,0,0,0,0,0
146625,Scatolin,João Paulo Scatolin,scatolin,JUV,286,Atacante,5,Nulo,6,1.0,0.0,0.0,0.0,0,29,False,https://s3.glbimg.com/v1/AUTH_58d78b787ec34892b5aaa0c7a146155f/clubes_2025/silhuetas/JUV/FORMATO.png,0,0,0,0,0,0,0,0,0,0,0,0,0,0,0,0,0,0,0,0,0,0
146624,Heittor,Heittor Vinicius da Silva Nunes,heittor,PAL,275,Atacante,5,Nulo,6,1.0,0.0,0.0,0.0,0,29,False,https://s3.glbimg.com/v1/AUTH_58d78b787ec34892b5aaa0c7a146155f/clubes_2025/silhuetas/PAL/FORMATO.png,0,0,0,0,0,0,0,0,0,0,0,0,0,0,0,0,0,0,0,0,0,0
146578,Gabriel Veneno,João Gabriel Castro Santos,gabriel-veneno,CAM,282,Atacante,5,Nulo,6,1.0,0.0,0.0,0.0,0,29,False,https://s3.glbimg.com/v1/AUTH_58d78b787ec34892b5aaa0c7a146155f/clubes_2025/silhuetas/CAM/FORMATO.png,0,0,0,0,0,0,0,0,0,0,0,0,0,0,0,0,0,0,0,0,0,0
123001,João Andrade,João Vitor Coni de Andrade,joao-andrade,BAH,265,Atacante,5,Nulo,6,1.0,0.0,0.0,0.0,0,29,False,https://s3.glbimg.com/v1/AUTH_58d78b787ec34892b5aaa0c7a146155f/clubes_2025/silhuetas/BAH/FORMATO.png,0,0,0,0,0,0,0,0,0,0,0,0,0,0,0,0,0,0,0,0,0,0
130316,Rafael Pinna,Rafael Oliveira Pinna,rafael-pinna,JUV,286,Atacante,5,Nulo,6,1.0,0.0,0.0,0.0,0,29,False,https://s3.glbimg.com/v1/AUTH_58d78b787ec34892b5aaa0c7a146155f/clubes_2025/silhuetas/JUV/FORMATO.png,0,0,0,0,0,0,0,0,0,0,0,0,0,0,0,0,0,0,0,0,0,0
146375,Kadir,José Kadir Barría Rose,kadir,BOT,263,Atacante,5,Nulo,6,0.98,0.0,0.2,0.0,1,29,False,https://s3.glbimg.com/v1/AUTH_58d78b787ec34892b5aaa0c7a146155f/clubes_2025/silhuetas/BOT/FORMATO.png,0,0,0,0,0,0,1,0,0,1,0,0,0,0,0,0,0,0,0,0,0,0
130608,Riquelme Fillipi,Riquelme Fillipi Marinho de Souza,riquelme-fillipi,PAL,275,Atacante,5,Nulo,6,0.92,0.0,0.0,0.0,1,29,False,https://s3.glbimg.com/v1/AUTH_58d78b787ec34892b5aaa0c7a146155f/clubes_2025/silhuetas/PAL/FORMATO.png,0,0,0,0,0,0,0,0,0,0,0,0,0,0,0,0,0,0,0,0,0,0
131455,Jardiel,Jardiel Maciel Libertino da Silva,jardiel,GRE,284,Atacante,5,Nulo,6,0.84,0.0,0.17,0.0,3,29,False,https://s3.glbimg.com/v1/AUTH_58d78b787ec34892b5aaa0c7a146155f/clubes_2025/silhuetas/GRE/FORMATO.png,0,0,0,0,0,0,0,0,0,1,0,0,0,0,0,0,0,0,0,0,0,0
129663,Ruan Pablo,Ruan Pablo Barbosa Sousa,ruan-pablo,BAH,265,Atacante,5,Nulo,6,0.84,-0.5,0.13,-1.3,3,29,True,https://s3.glbimg.com/v1/AUTH_58d78b787ec34892b5aaa0c7a146155f/clubes_2025/silhuetas/BAH/FORMATO.png,0,1,0,0,0,0,1,1,0,1,0,0,0,0,0,0,0,0,0,0,0,0
143488,Raykkonen,Raykkonen Pereira Soares,raykkonen,INT,285,Atacante,5,Nulo,6,0.81,0.15,0.28,1.2,5,29,True,https://s3.glbimg.com/v1/AUTH_58d78b787ec34892b5aaa0c7a146155f/clubes_2025/silhuetas/INT/FORMATO.png,0,0,0,0,0,0,1,1,0,1,0,0,0,0,0,0,0,0,0,0,0,0
139076,Filipe Luís,Filipe Luís Kasmirski,filipe-luis,FLA,262,Técnico,6,Provável,7,12.89,-0.3,7.16,7.51,28,29,True,https://s3.glbimg.com/v1/AUTH_58d78b787ec34892b5aaa0c7a146155f/clubes_2025/silhuetas/FLA/FORMATO.png,0,0,0,0,0,0,0,0,0,0,0,0,0,0,0,0,0,0,0,0,0,18
110506,Abel Ferreira,Abel Fernando Moreira Ferreira,abel-ferreira,PAL,275,Técnico,6,Provável,7,12.37,-0.7,6.76,5.64,27,29,True,https://s3.glbimg.com/v1/AUTH_58d78b787ec34892b5aaa0c7a146155f/clubes_2025/silhuetas/PAL/FORMATO.png,0,0,0,0,0,0,0,0,0,0,0,0,0,0,0,0,0,0,0,0,0,18
145269,Davide Ancelotti,Davide Ancelotti,davide-ancelotti,BOT,263,Técnico,6,Provável,7,11.59,0.48,5.86,6.95,16,29,True,https://s3.glbimg.com/v1/AUTH_58d78b787ec34892b5aaa0c7a146155f/clubes_2025/silhuetas/BOT/FORMATO.png,0,0,0,0,0,0,0,0,0,0,0,0,0,0,0,0,0,0,0,0,0,8
88963,Leonardo Jardim,José Leonardo Nunes Alves Sousa Jardim,leonardo-jardim,CRU,283,Técnico,6,Provável,7,11.12,0.62,6.48,8.03,29,29,True,https://s3.glbimg.com/v1/AUTH_58d78b787ec34892b5aaa0c7a146155f/clubes_2025/silhuetas/CRU/FORMATO.png,0,0,0,0,0,0,0,0,0,0,0,0,0,0,0,0,0,0,0,0,0,16
40990,Dorival Júnior,Dorival Silvestre Júnior,dorival-junior,COR,264,Técnico,6,Provável,7,10.51,0.52,5.29,7.55,23,29,True,https://s3.glbimg.com/v1/AUTH_58d78b787ec34892b5aaa0c7a146155f/clubes_2025/silhuetas/COR/FORMATO.png,0,0,0,0,0,0,0,0,0,0,0,0,0,0,0,0,0,0,0,0,0,7
72391,Fernando Diniz,Fernando Diniz Silva,fernando-diniz,VAS,267,Técnico,6,Provável,7,10.5,0.23,5.78,9.11,19,29,True,https://s3.glbimg.com/v1/AUTH_58d78b787ec34892b5aaa0c7a146155f/clubes_2025/silhuetas/VAS/FORMATO.png,0,0,0,0,0,0,0,0,0,0,0,0,0,0,0,0,0,0,0,0,0,8
143194,Martín Palermo,Martín Palermo,martin-palermo,FOR,356,Técnico,6,Provável,7,10.41,-0.19,5.4,3.39,7,29,True,https://s3.glbimg.com/v1/AUTH_58d78b787ec34892b5aaa0c7a146155f/clubes_2025/silhuetas/FOR/FORMATO.png,0,0,0,0,0,0,0,0,0,0,0,0,0,0,0,0,0,0,0,0,0,3
103912,Hernán Crespo,Hernán Jorge Crespo,hernan-crespo,SAO,276,Técnico,6,Provável,7,10.23,-0.42,6.22,1.75,17,29,True,https://s3.glbimg.com/v1/AUTH_58d78b787ec34892b5aaa0c7a146155f/clubes_2025/silhuetas/SAO/FORMATO.png,0,0,0,0,0,0,0,0,0,0,0,0,0,0,0,0,0,0,0,0,0,8
92180,Jair Ventura,Jair Ventura,jair-ventura,VIT,287,Técnico,6,Provável,7,10.21,0.35,5.34,7.78,5,29,True,https://s3.glbimg.com/v1/AUTH_58d78b787ec34892b5aaa0c7a146155f/clubes_2025/silhuetas/VIT/FORMATO.png,0,0,0,0,0,0,0,0,0,0,0,0,0,0,0,0,0,0,0,0,0,3
97341,Rogério Ceni,Rogério Mücke Ceni,rogerio-ceni,BAH,265,Técnico,6,Provável,7,10.15,0.94,5.68,11.15,27,29,True,https://s3.glbimg.com/v1/AUTH_58d78b787ec34892b5aaa0c7a146155f/clubes_2025/silhuetas/BAH/FORMATO.png,0,0,0,0,0,0,0,0,0,0,0,0,0,0,0,0,0,0,0,0,0,13
92075,Ramón Díaz,Ramón Ángel Díaz,ramon-diaz,INT,285,Técnico,6,Provável,7,10.11,1.13,5.64,10.4,9,29,True,https://s3.glbimg.com/v1/AUTH_58d78b787ec34892b5aaa0c7a146155f/clubes_2025/silhuetas/INT/FORMATO.png,0,0,0,0,0,0,0,0,0,0,0,0,0,0,0,0,0,0,0,0,0,3
104754,Juan Vojvoda,Juan Pablo Vojvoda Rizzo,juan-vojvoda,SAN,277,Técnico,6,Provável,7,10.07,-0.74,5.25,2.94,20,29,True,https://s3.glbimg.com/v1/AUTH_58d78b787ec34892b5aaa0c7a146155f/clubes_2025/silhuetas/SAN/FORMATO.png,0,0,0,0,0,0,0,0,0,0,0,0,0,0,0,0,0,0,0,0,0,4
70800,Jorge Sampaoli,Jorge Sampaoli,jorge-sampaoli,CAM,282,Técnico,6,Provável,7,9.46,-0.75,4.22,1.76,6,29,True,https://s3.glbimg.com/v1/AUTH_58d78b787ec34892b5aaa0c7a146155f/clubes_2025/silhuetas/CAM/FORMATO.png,0,0,0,0,0,0,0,0,0,0,0,0,0,0,0,0,0,0,0,0,0,1
37281,Mano Menezes,Luis Antônio Venker de Menezes,mano-menezes,GRE,284,Técnico,6,Provável,7,9.21,-0.9,5.1,2.59,23,29,True,https://s3.glbimg.com/v1/AUTH_58d78b787ec34892b5aaa0c7a146155f/clubes_2025/silhuetas/GRE/FORMATO.png,0,0,0,0,0,0,0,0,0,0,0,0,0,0,0,0,0,0,0,0,0,7
126977,Fernando Seabra,Fernando Seabra,fernando-seabra,RBB,280,Técnico,6,Provável,7,8.57,-0.26,5.19,1.74,29,29,True,https://s3.glbimg.com/v1/AUTH_58d78b787ec34892b5aaa0c7a146155f/clubes_2025/silhuetas/RBB/FORMATO.png,0,0,0,0,0,0,0,0,0,0,0,0,0,0,0,0,0,0,0,0,0,10
104027,Rafael Guanaes,Rafael Silva Guanaes,rafael-guanaes,MIR,2305,Técnico,6,Provável,7,8.47,0.36,5.79,9.29,27,29,True,https://s3.glbimg.com/v1/AUTH_58d78b787ec34892b5aaa0c7a146155f/clubes_2025/silhuetas/MIR/FORMATO.png,0,0,0,0,0,0,0,0,0,0,0,0,0,0,0,0,0,0,0,0,0,13
99366,Luis Zubeldía,Luis Francisco Zubeldía,luis-zubeldia,FLU,266,Técnico,6,Provável,7,8.35,-0.55,5.01,3.18,16,29,True,https://s3.glbimg.com/v1/AUTH_58d78b787ec34892b5aaa0c7a146155f/clubes_2025/silhuetas/FLU/FORMATO.png,0,0,0,0,0,0,0,0,0,0,0,0,0,0,0,0,0,0,0,0,0,5
37457,Léo Condé,Leonardo Rodrigues Condé,leo-conde,CEA,354,Técnico,6,Provável,7,8.13,-0.41,5.23,2.61,26,29,True,https://s3.glbimg.com/v1/AUTH_58d78b787ec34892b5aaa0c7a146155f/clubes_2025/silhuetas/CEA/FORMATO.png,0,0,0,0,0,0,0,0,0,0,0,0,0,0,0,0,0,0,0,0,0,8
92702,Daniel Paulista,Daniel Pollo Barioni,daniel-paulista,SPT,292,Técnico,6,Provável,7,7.76,-0.52,4.7,1.56,16,29,True,https://s3.glbimg.com/v1/AUTH_58d78b787ec34892b5aaa0c7a146155f/clubes_2025/silhuetas/SPT/FORMATO.png,0,0,0,0,0,0,0,0,0,0,0,0,0,0,0,0,0,0,0,0,0,2
106147,Thiago Carpini,Thiago Carpini Barbosa,thiago-carpini,JUV,286,Técnico,6,Provável,7,7.36,0.83,4.11,7.56,22,29,True,https://s3.glbimg.com/v1/AUTH_58d78b787ec34892b5aaa0c7a146155f/clubes_2025/silhuetas/JUV/FORMATO.png,0,0,0,0,0,0,0,0,0,0,0,0,0,0,0,0,0,0,0,0,0,5
